id,name,strong_foot,height,weight,birth_date,nationality,club,similar_players,stats.Goals_per90,stats.Goals_percentile,stats.Assists_per90,stats.Assists_percentile,stats.Non-Penalty Goals_per90,stats.Non-Penalty Goals_percentile,stats.Penalty Kicks Made_per90,stats.Penalty Kicks Made_percentile,stats.Penalty Kicks Attempted_per90,stats.Penalty Kicks Attempted_percentile,stats.Yellow Cards_per90,stats.Yellow Cards_percentile,stats.Red Cards_per90,stats.Red Cards_percentile,stats.xG_per90,stats.xG_percentile,stats.Non-Penalty xG_per90,stats.Non-Penalty xG_percentile,stats.xAG_per90,stats.xAG_percentile,stats.npxG + xAG_per90,stats.npxG + xAG_percentile,stats.Shots Total_per90,stats.Shots Total_percentile,stats.Shots on target_per90,stats.Shots on target_percentile,stats.Shots on target %_per90,stats.Shots on target %_percentile,stats.Goals/Shot_per90,stats.Goals/Shot_percentile,stats.Goals/Shot on target_per90,stats.Goals/Shot on target_percentile,stats.Average Shot Distance_per90,stats.Average Shot Distance_percentile,stats.Shots from free kicks_per90,stats.Shots from free kicks_percentile,stats.npxG/Sh_per90,stats.npxG/Sh_percentile,stats.Goals - xG_per90,stats.Goals - xG_percentile,stats.Non-Penalty Goals - npxG_per90,stats.Non-Penalty Goals - npxG_percentile,stats.Passes Completed_per90,stats.Passes Completed_percentile,stats.Passes Attempted_per90,stats.Passes Attempted_percentile,stats.Pass Completion %_per90,stats.Pass Completion %_percentile,stats.Total Passing Distance_per90,stats.Total Passing Distance_percentile,stats.Progressive Passing Distance_per90,stats.Progressive Passing Distance_percentile,stats.Passes Completed (Short)_per90,stats.Passes Completed (Short)_percentile,stats.Passes Attempted (Short)_per90,stats.Passes Attempted (Short)_percentile,stats.Pass Completion % (Short)_per90,stats.Pass Completion % (Short)_percentile,stats.Passes Completed (Medium)_per90,stats.Passes Completed (Medium)_percentile,stats.Passes Attempted (Medium)_per90,stats.Passes Attempted (Medium)_percentile,stats.Pass Completion % (Medium)_per90,stats.Pass Completion % (Medium)_percentile,stats.Passes Completed (Long)_per90,stats.Passes Completed (Long)_percentile,stats.Passes Attempted (Long)_per90,stats.Passes Attempted (Long)_percentile,stats.Pass Completion % (Long)_per90,stats.Pass Completion % (Long)_percentile,stats.Expected Assists_per90,stats.Expected Assists_percentile,stats.Key Passes_per90,stats.Key Passes_percentile,stats.Passes into Final Third_per90,stats.Passes into Final Third_percentile,stats.Passes into Penalty Area_per90,stats.Passes into Penalty Area_percentile,stats.Crosses into Penalty Area_per90,stats.Crosses into Penalty Area_percentile,stats.Progressive Passes_per90,stats.Progressive Passes_percentile,stats.Live-ball passes_per90,stats.Live-ball passes_percentile,stats.Dead-ball passes_per90,stats.Dead-ball passes_percentile,stats.Passes from Free Kicks_per90,stats.Passes from Free Kicks_percentile,stats.Through Balls_per90,stats.Through Balls_percentile,stats.Switches_per90,stats.Switches_percentile,stats.Crosses_per90,stats.Crosses_percentile,stats.Throw-Ins taken_per90,stats.Throw-Ins taken_percentile,stats.Corner Kicks_per90,stats.Corner Kicks_percentile,stats.Inswinging Corner Kicks_per90,stats.Inswinging Corner Kicks_percentile,stats.Outswinging Corner Kicks_per90,stats.Outswinging Corner Kicks_percentile,stats.Straight Corner Kicks_per90,stats.Straight Corner Kicks_percentile,stats.Passes Offside_per90,stats.Passes Offside_percentile,stats.Passes Blocked_per90,stats.Passes Blocked_percentile,stats.Shot-Creating Actions_per90,stats.Shot-Creating Actions_percentile,stats.SCA (PassLive)_per90,stats.SCA (PassLive)_percentile,stats.SCA (PassDead)_per90,stats.SCA (PassDead)_percentile,stats.SCA (Drib)_per90,stats.SCA (Drib)_percentile,stats.SCA (Sh)_per90,stats.SCA (Sh)_percentile,stats.SCA (Fld)_per90,stats.SCA (Fld)_percentile,stats.SCA (Def)_per90,stats.SCA (Def)_percentile,stats.Goal-Creating Actions_per90,stats.Goal-Creating Actions_percentile,stats.GCA (PassLive)_per90,stats.GCA (PassLive)_percentile,stats.GCA (PassDead)_per90,stats.GCA (PassDead)_percentile,stats.GCA (Drib)_per90,stats.GCA (Drib)_percentile,stats.GCA (Sh)_per90,stats.GCA (Sh)_percentile,stats.GCA (Fld)_per90,stats.GCA (Fld)_percentile,stats.GCA (Def)_per90,stats.GCA (Def)_percentile,stats.Tackles_per90,stats.Tackles_percentile,stats.Tackles Won_per90,stats.Tackles Won_percentile,stats.Tackles (Def 3rd)_per90,stats.Tackles (Def 3rd)_percentile,stats.Tackles (Mid 3rd)_per90,stats.Tackles (Mid 3rd)_percentile,stats.Tackles (Att 3rd)_per90,stats.Tackles (Att 3rd)_percentile,stats.Dribblers Tackled_per90,stats.Dribblers Tackled_percentile,stats.Dribbles Contested_per90,stats.Dribbles Contested_percentile,stats.% of dribblers tackled_per90,stats.% of dribblers tackled_percentile,stats.Dribbled Past_per90,stats.Dribbled Past_percentile,stats.Blocks_per90,stats.Blocks_percentile,stats.Shots Blocked_per90,stats.Shots Blocked_percentile,stats.Interceptions_per90,stats.Interceptions_percentile,stats.Tkl+Int_per90,stats.Tkl+Int_percentile,stats.Clearances_per90,stats.Clearances_percentile,stats.Errors_per90,stats.Errors_percentile,stats.Touches_per90,stats.Touches_percentile,stats.Touches (Def Pen)_per90,stats.Touches (Def Pen)_percentile,stats.Touches (Def 3rd)_per90,stats.Touches (Def 3rd)_percentile,stats.Touches (Mid 3rd)_per90,stats.Touches (Mid 3rd)_percentile,stats.Touches (Att 3rd)_per90,stats.Touches (Att 3rd)_percentile,stats.Touches (Att Pen)_per90,stats.Touches (Att Pen)_percentile,stats.Touches (Live-Ball)_per90,stats.Touches (Live-Ball)_percentile,stats.Dribbles Completed_per90,stats.Dribbles Completed_percentile,stats.Dribbles Attempted_per90,stats.Dribbles Attempted_percentile,stats.Successful Dribble %_per90,stats.Successful Dribble %_percentile,stats.Miscontrols_per90,stats.Miscontrols_percentile,stats.Dispossessed_per90,stats.Dispossessed_percentile,stats.Passes Received_per90,stats.Passes Received_percentile,stats.Progressive Passes Rec_per90,stats.Progressive Passes Rec_percentile,stats.Second Yellow Card_per90,stats.Second Yellow Card_percentile,stats.Fouls Committed_per90,stats.Fouls Committed_percentile,stats.Fouls Drawn_per90,stats.Fouls Drawn_percentile,stats.Offsides_per90,stats.Offsides_percentile,stats.Penalty Kicks Won_per90,stats.Penalty Kicks Won_percentile,stats.Penalty Kicks Conceded_per90,stats.Penalty Kicks Conceded_percentile,stats.Own Goals_per90,stats.Own Goals_percentile,stats.Ball Recoveries_per90,stats.Ball Recoveries_percentile,stats.Aerials won_per90,stats.Aerials won_percentile,stats.Aerials lost_per90,stats.Aerials lost_percentile,stats.% of Aerials Won_per90,stats.% of Aerials Won_percentile,stats.Goals Against_per90,stats.Goals Against_percentile,stats.Shots on Target Against_per90,stats.Shots on Target Against_percentile,stats.Saves_per90,stats.Saves_percentile,stats.Save Percentage_per90,stats.Save Percentage_percentile,stats.Wins_per90,stats.Wins_percentile,stats.Draws_per90,stats.Draws_percentile,stats.Losses_per90,stats.Losses_percentile,stats.Clean Sheets_per90,stats.Clean Sheets_percentile,stats.Clean Sheet Percentage_per90,stats.Clean Sheet Percentage_percentile,stats.Penalty Kicks Allowed_per90,stats.Penalty Kicks Allowed_percentile,stats.Penalty Kicks Saved_per90,stats.Penalty Kicks Saved_percentile,stats.Penalty Kicks Missed_per90,stats.Penalty Kicks Missed_percentile,stats.Save% (Penalty Kicks)_per90,stats.Save% (Penalty Kicks)_percentile,stats.Free Kick Goals Against_per90,stats.Free Kick Goals Against_percentile,stats.Corner Kick Goals Against_per90,stats.Corner Kick Goals Against_percentile,stats.Own Goals Scored Against Goalkeeper_per90,stats.Own Goals Scored Against Goalkeeper_percentile,stats.Post-Shot Expected Goals_per90,stats.Post-Shot Expected Goals_percentile,stats.PSxG/SoT_per90,stats.PSxG/SoT_percentile,stats.PSxG-GA_per90,stats.PSxG-GA_percentile,stats.Passes Completed (Launched)_per90,stats.Passes Completed (Launched)_percentile,stats.Passes Attempted (Launched)_per90,stats.Passes Attempted (Launched)_percentile,stats.Pass Completion Percentage (Launched)_per90,stats.Pass Completion Percentage (Launched)_percentile,stats.Throws Attempted_per90,stats.Throws Attempted_percentile,stats.Launch %_per90,stats.Launch %_percentile,stats.Average Pass Length_per90,stats.Average Pass Length_percentile,stats.Goal Kicks_per90,stats.Goal Kicks_percentile,stats.Launch% (Goal Kicks)_per90,stats.Launch% (Goal Kicks)_percentile,stats.Avg. Length of Goal Kicks_per90,stats.Avg. Length of Goal Kicks_percentile,stats.Crosses Faced_per90,stats.Crosses Faced_percentile,stats.Crosses Stopped_per90,stats.Crosses Stopped_percentile,stats.Crosses Stopped %_per90,stats.Crosses Stopped %_percentile,stats.Def. Actions Outside Pen. Area_per90,stats.Def. Actions Outside Pen. Area_percentile,stats.Avg. Distance of Def. Actions_per90,stats.Avg. Distance of Def. Actions_percentile
5bc43860,Brenden Aaronson,Right,178,68,2000-10-22,United States,Leeds United,"['49dbab27', 'cb11b429', 'da052c14', '9a2e0ccc', '0847b5a5', 'fc647b34', '9f1893b9', '3708e9fa', 'd4a2533d', '82927de4']",0.06,1,0.23,65,0.06,1,0.00,32,0.00,30,0.12,55,0.00,55,0.13,5,0.13,8,0.20,45,0.33,16,1.40,12,0.29,4,20.8%,2,0.04,3,0.20,15,19.90,28,0.12,70,0.09,26,-0.07,15,-0.07,15,24.32,25,32.43,20,75.0%,39,314.80,13,87.67,26,14.29,28,17.38,32,82.2%,19,6.24,15,7.76,10,80.5%,60,1.05,14,2.80,29,37.5%,7,0.09,5,1.98,65,1.92,45,0.53,2,0.12,20,2.22,21,29.22,16,3.15,61,0.58,55,0.18,42,0.00,2,2.74,55,0.35,32,1.46,60,0.64,63,0.64,72,0.06,94,0.06,92,1.34,95,3.67,43,2.45,39,0.41,61,0.35,74,0.18,30,0.23,64,0.06,60,0.47,47,0.35,53,0.00,29,0.00,22,0.06,76,0.00,21,0.06,99,1.75,85,0.47,23,0.47,65,1.05,96,0.23,39,0.70,80,2.22,93,31.6%,33,1.52,6,1.46,94,0.12,81,0.18,5,1.92,63,0.41,54,0.00,60,45.73,25,0.47,31,5.07,45,19.66,40,21.81,26,2.51,13,45.73,25,1.28,38,3.62,64,35.5%,4,2.62,42,2.86,5,29.92,15,4.78,26,0.00,53,0.53,90,1.87,75,0.29,47,0.00,27,0.00,56,0.00,51,5.42,84,0.58,58,1.69,15,25.6%,27,,,,,,,,,,,,,,,,,,,,,,,,,,,,,,,,,,,,,,,,,,,,,,,,,,,,,,,,,,,,,,,,,,
32c2d95f,Yunis Abdelhamid,Left,190,83,1987-09-28,Morocco,Reims,"['277c49ed', 'c3725db2', 'c67cd65c', 'f7e2af2c', 'a3d94a58', '00242715', '0b33f6ad', '5b146df3', 'dad4b285', 'aad48be9']",0.03,39,0.00,30,0.03,40,0.00,49,0.00,49,0.12,78,0.03,22,0.06,70,0.06,71,0.03,64,0.09,65,0.70,80,0.09,33,12.5%,15,0.04,36,0.33,56,14.60,29,0.00,46,0.09,42,-0.04,21,-0.04,21,37.28,25,45.98,28,81.1%,29,729.81,26,294.98,38,11.77,24,13.50,24,87.2%,24,20.82,36,23.02,34,90.5%,47,4.13,31,7.76,40,53.2%,24,0.02,44,0.26,65,3.16,61,0.18,56,0.00,27,3.05,76,42.44,24,3.28,77,2.84,97,0.00,22,0.70,74,0.18,62,0.18,37,0.00,48,0.00,49,0.00,49,0.00,50,0.26,7,0.91,95,0.97,76,0.59,53,0.00,30,0.06,94,0.09,71,0.00,33,0.23,98,0.09,64,0.06,62,0.00,47,0.00,49,0.03,81,0.00,46,0.00,42,1.87,80,0.94,58,1.14,75,0.73,86,0.00,15,0.73,52,1.20,59,61.0%,43,0.47,40,1.64,90,0.73,60,2.26,95,4.13,93,3.05,28,0.00,83,56.82,30,6.59,32,28.15,27,26.59,36,2.72,55,1.00,69,56.82,30,0.38,84,0.59,81,65.0%,52,0.82,9,0.53,1,33.91,34,0.26,68,0.00,57,1.23,21,0.59,55,0.03,48,0.00,46,0.03,42,0.00,61,6.18,70,1.85,39,0.91,84,67.0%,76,,,,,,,,,,,,,,,,,,,,,,,,,,,,,,,,,,,,,,,,,,,,,,,,,,,,,,,,,,,,,,,,,,
82464ce3,Salis Abdul Samed,Right,180,60,2000-03-26,Ghana,Lens,"['2a0c8ba4', 'ed5c5fa3', '3cd7820a', '03049c8c', '68a26d51', '5a2cb25d', '86574238', '2b1bed19', '4c6facae', '4112ace5']",0.07,49,0.00,11,0.07,52,0.00,45,0.00,45,0.33,23,0.07,2,0.04,15,0.04,16,0.03,8,0.07,10,0.69,21,0.16,24,23.8%,34,0.10,69,0.40,78,21.40,45,0.00,33,0.06,27,+0.03,76,+0.03,76,51.54,79,57.65,71,89.4%,93,828.10,73,191.27,45,25.46,83,27.78,82,91.6%,84,21.73,82,23.20,78,93.7%,95,2.94,32,3.79,16,77.6%,90,0.05,29,0.69,32,4.38,54,0.69,47,0.07,39,3.56,51,56.31,76,1.08,27,0.95,44,0.07,26,0.20,17,0.56,40,0.13,37,0.00,23,0.00,29,0.00,29,0.00,46,0.26,21,0.72,26,1.86,28,1.47,35,0.00,20,0.00,14,0.10,47,0.10,62,0.20,95,0.07,13,0.03,9,0.00,39,0.00,41,0.00,35,0.00,39,0.03,89,1.44,16,0.69,12,0.65,33,0.65,16,0.13,17,0.82,45,1.70,35,48.1%,66,0.88,69,0.85,17,0.13,22,1.24,63,2.68,32,0.65,21,0.00,72,66.44,69,1.24,18,13.43,58,42.35,81,11.24,41,0.59,23,66.44,69,0.88,65,1.44,57,61.4%,64,1.63,30,1.24,18,49.64,78,1.63,52,0.03,8,2.03,12,1.41,63,0.00,80,0.00,44,0.00,61,0.03,3,6.86,64,0.56,26,0.69,75,44.7%,36,,,,,,,,,,,,,,,,,,,,,,,,,,,,,,,,,,,,,,,,,,,,,,,,,,,,,,,,,,,,,,,,,,
31626657,Laurent Abergel,Right,170,64,1993-02-01,,Lorient,"['9f1938ab', '72c812f3', '45db685d', '98d2c2c4', 'f81ef10d', 'f5a00fa4', 'd4d35152', '489e80e3', '26db8853', '999ceb5f']",0.00,10,0.07,54,0.00,11,0.00,45,0.00,45,0.21,55,0.00,59,0.03,11,0.03,12,0.09,56,0.13,31,0.76,25,0.10,13,13.6%,9,0.00,11,0.00,11,24.80,15,0.00,33,0.04,6,-0.03,33,-0.03,33,40.75,54,48.73,50,83.6%,64,713.37,54,220.57,59,17.98,46,19.92,41,90.2%,71,16.42,55,18.71,53,87.8%,59,4.55,66,6.66,63,68.2%,62,0.06,35,1.04,62,4.62,59,0.56,37,0.14,65,3.89,60,47.41,54,1.11,28,0.90,41,0.24,76,0.45,55,0.94,55,0.21,53,0.00,23,0.00,29,0.00,29,0.00,46,0.21,38,1.67,99,2.43,55,1.94,61,0.03,47,0.07,57,0.07,36,0.14,77,0.17,91,0.17,42,0.17,58,0.00,39,0.00,41,0.00,35,0.00,39,0.00,42,3.51,97,1.91,95,1.46,96,1.67,96,0.38,83,1.70,97,4.30,99,39.5%,31,2.60,1,1.77,93,0.10,16,1.46,76,4.96,95,0.62,19,0.00,72,60.05,52,1.56,27,14.09,62,37.00,62,9.72,28,0.49,18,60.05,53,0.73,50,1.39,55,52.5%,36,1.63,31,1.08,29,41.13,57,1.35,44,0.00,56,1.21,65,1.67,76,0.03,53,0.00,44,0.00,61,0.00,53,7.15,73,0.38,11,0.14,99,73.3%,99,,,,,,,,,,,,,,,,,,,,,,,,,,,,,,,,,,,,,,,,,,,,,,,,,,,,,,,,,,,,,,,,,,
c2a6033c,Zakaria Aboukhlal,Left,179,72,2000-02-18,Morocco,Toulouse,"['a1d5bd30', '13ddc856', '864163f3', '5a04fd92', '0c61c77c', '37dc1a48', '79c84d1c', '2683eda7', '9e1035f8', '2979c05a']",0.23,40,0.23,64,0.23,48,0.00,32,0.00,30,0.15,40,0.00,55,0.27,52,0.27,64,0.11,6,0.38,29,2.77,75,0.92,61,33.3%,34,0.08,28,0.25,29,18.50,40,0.00,21,0.10,37,-0.04,28,-0.04,28,16.92,3,24.69,4,68.5%,10,211.62,2,51.46,1,11.23,13,14.46,13,77.7%,3,4.15,2,5.77,1,72.0%,16,0.23,1,0.69,1,33.3%,4,0.09,5,0.54,1,0.77,1,0.38,1,0.08,11,1.08,1,23.85,7,0.69,13,0.08,14,0.00,2,0.00,2,1.15,12,0.62,66,0.00,6,0.00,14,0.00,14,0.00,40,0.15,68,0.54,17,2.15,2,1.23,1,0.00,9,0.23,41,0.31,68,0.38,90,0.00,12,0.15,4,0.08,5,0.00,29,0.08,81,0.00,19,0.00,21,0.00,43,0.85,24,0.62,38,0.38,52,0.23,8,0.23,37,0.31,28,1.23,45,25.0%,14,0.92,39,0.62,19,0.08,60,0.77,82,1.62,43,0.46,61,0.00,60,36.38,5,0.85,68,5.23,48,13.31,4,18.54,8,4.77,74,36.38,5,1.15,31,3.08,50,37.5%,5,2.77,34,1.00,84,26.38,8,7.23,86,0.00,53,1.46,15,1.54,58,0.54,12,0.00,27,0.00,56,0.00,51,4.46,48,0.31,28,1.23,29,20.0%,12,,,,,,,,,,,,,,,,,,,,,,,,,,,,,,,,,,,,,,,,,,,,,,,,,,,,,,,,,,,,,,,,,,
f586779e,Tammy Abraham,Right,190,82,1997-10-02,England,Roma,"['e5478b87', '5d4f7d61', 'e92cd3f7', 'ce50fd99', '3effaa34', '15f24fe7', 'f2bf1b0f', '129af0db', 'd705ba44', '79443529']",0.48,65,0.08,32,0.40,64,0.08,71,0.08,62,0.13,55,0.00,57,0.55,79,0.49,81,0.13,49,0.62,77,2.69,57,1.09,61,40.6%,56,0.15,62,0.37,62,12.80,84,0.08,77,0.18,88,-0.07,29,-0.09,25,14.43,41,20.82,37,69.3%,46,211.92,49,47.54,59,8.39,38,11.15,41,75.2%,40,4.07,45,5.80,44,70.2%,40,1.04,68,1.46,57,70.9%,88,0.07,36,1.14,63,0.98,46,0.69,59,0.08,59,1.62,68,18.66,34,2.08,82,0.16,82,0.13,56,0.11,47,0.37,33,0.11,46,0.00,37,0.00,42,0.00,44,0.00,49,0.08,67,0.27,14,2.50,54,1.62,48,0.03,71,0.16,55,0.43,87,0.24,60,0.03,42,0.43,70,0.16,38,0.00,46,0.05,77,0.11,87,0.11,92,0.00,45,0.85,73,0.43,63,0.27,87,0.35,64,0.24,59,0.29,80,0.72,60,40.7%,79,0.43,53,0.40,20,0.13,81,0.13,31,0.98,64,0.59,41,0.00,58,31.60,37,0.80,48,2.10,28,15.89,63,13.95,17,4.90,54,31.52,37,0.83,49,2.29,64,36.0%,18,2.61,62,1.30,62,22.63,27,5.06,33,0.00,54,1.01,65,1.65,71,0.48,72,0.05,72,0.03,10,0.00,51,1.86,17,2.32,67,2.24,60,50.9%,80,,,,,,,,,,,,,,,,,,,,,,,,,,,,,,,,,,,,,,,,,,,,,,,,,,,,,,,,,,,,,,,,,,
b96b595c,Francesco Acerbi,Left,192,87,1988-02-10,Italy,Internazionale,"['18b896d6', '67ac5bb8', 'e06683ca', 'bee704fc', '31c69ef1', '119b9a8e', '08511d65', '06df8256', 'd6e53a3a', '5515376c']",0.13,98,0.03,69,0.13,98,0.00,49,0.00,49,0.07,91,0.00,64,0.11,97,0.11,97,0.02,41,0.13,91,0.77,87,0.33,96,43.5%,88,0.17,85,0.40,66,13.50,38,0.00,46,0.14,81,+0.02,83,+0.02,83,65.69,93,73.02,91,90.0%,90,1276.48,91,434.09,89,22.67,84,24.54,84,92.4%,77,34.23,89,36.07,89,94.9%,92,7.92,93,10.87,84,72.9%,89,0.02,52,0.17,32,3.98,79,0.27,74,0.00,27,3.48,87,69.84,90,3.14,75,2.51,90,0.00,22,1.27,96,0.10,48,0.33,58,0.00,48,0.00,49,0.00,49,0.00,50,0.03,91,0.30,18,0.80,56,0.57,51,0.00,30,0.00,37,0.10,77,0.03,78,0.10,76,0.03,26,0.03,40,0.00,47,0.00,49,0.00,38,0.00,46,0.00,42,1.04,19,0.43,9,0.77,34,0.27,17,0.00,15,0.43,14,0.64,10,68.4%,71,0.20,88,0.90,17,0.60,38,1.00,21,2.04,17,3.38,41,0.00,83,81.24,90,9.70,84,37.01,86,41.99,89,2.61,52,1.00,69,81.24,90,0.07,16,0.20,33,33.3%,7,0.43,53,0.07,80,59.51,90,0.40,83,0.00,57,0.57,86,0.67,66,0.13,4,0.00,46,0.00,76,0.00,61,5.28,39,2.34,65,1.27,57,64.8%,66,,,,,,,,,,,,,,,,,,,,,,,,,,,,,,,,,,,,,,,,,,,,,,,,,,,,,,,,,,,,,,,,,,
81442ecb,Marcos Acuña,Left,172,73,1991-10-28,Argentina,Sevilla,"['249ac66d', '6f5f82c0', 'e0bc6fdc', 'ae4e2852', '839c14e1', '0bfca6a1', 'a8567629', 'b05e2dbd', '0b5a292a', '0ff630d0']",0.00,23,0.14,76,0.00,23,0.00,49,0.00,48,0.49,2,0.03,11,0.04,56,0.04,57,0.13,72,0.17,70,0.77,74,0.03,6,4.5%,6,0.00,23,0.00,23,25.10,14,0.07,88,0.05,28,-0.04,15,-0.04,13,55.54,85,72.27,90,76.9%,47,1063.52,95,383.39,97,24.51,72,27.23,71,90.0%,66,21.57,83,26.15,86,82.5%,65,8.52,99,15.57,99,54.7%,72,0.17,87,1.78,93,4.05,81,1.71,93,1.05,98,3.39,66,59.07,90,13.02,93,2.51,95,0.03,41,1.29,98,6.95,95,8.73,54,1.78,90,0.17,81,1.22,92,0.00,48,0.17,47,0.66,33,2.79,84,1.68,66,0.77,91,0.03,34,0.14,87,0.10,73,0.07,55,0.21,57,0.14,49,0.07,92,0.00,41,0.00,42,0.00,37,0.00,43,2.44,76,1.43,72,1.33,66,0.77,69,0.35,89,1.50,86,2.20,71,68.3%,82,0.70,53,0.84,21,0.17,22,0.91,22,3.35,60,1.12,5,0.03,36,81.10,92,3.07,41,26.08,96,34.39,79,21.92,83,0.80,24,81.10,92,1.57,95,2.58,91,60.8%,88,1.57,17,1.05,10,51.70,92,1.96,50,0.00,54,1.89,3,1.57,88,0.00,88,0.00,43,0.10,1,0.00,56,7.72,93,1.12,65,0.94,50,54.2%,62,,,,,,,,,,,,,,,,,,,,,,,,,,,,,,,,,,,,,,,,,,,,,,,,,,,,,,,,,,,,,,,,,,
f2bf1b0f,Che Adams,Right,175,76,1996-07-13,Scotland,Southampton,"['aed3a70f', '7cdda3bf', '6605d143', 'ce50fd99', 'e92cd3f7', '343c0d52', '129af0db', 'e09f279b', '32974271', '0cadc46d']",0.33,36,0.11,45,0.33,48,0.00,21,0.00,15,0.00,96,0.00,57,0.36,34,0.36,46,0.12,43,0.48,44,2.33,35,1.06,57,45.3%,79,0.14,55,0.31,37,13.30,72,0.00,31,0.15,56,-0.03,44,-0.03,44,14.64,43,21.63,44,67.7%,36,214.70,51,47.91,59,8.81,46,11.76,45,74.9%,38,3.60,31,5.02,27,71.7%,47,1.24,74,1.64,65,75.6%,95,0.09,54,1.17,65,1.06,56,0.58,44,0.07,56,1.24,46,21.26,51,0.25,5,0.00,21,0.11,47,0.40,87,0.47,44,0.15,58,0.00,37,0.00,42,0.00,44,0.00,49,0.11,53,0.51,49,2.29,39,1.57,40,0.04,79,0.07,22,0.25,44,0.29,77,0.07,78,0.11,5,0.11,25,0.00,46,0.00,28,0.00,14,0.00,25,0.00,45,0.62,55,0.40,59,0.25,85,0.33,61,0.04,4,0.22,64,0.69,54,31.6%,57,0.47,42,0.62,54,0.11,67,0.33,82,0.95,61,0.84,65,0.00,58,31.89,40,1.06,71,3.39,85,12.27,21,16.71,56,4.66,47,31.89,40,0.87,51,1.67,46,52.2%,77,3.06,38,1.20,70,24.54,44,5.72,49,0.00,54,1.24,49,1.35,51,0.36,83,0.00,24,0.00,56,0.00,51,2.40,41,2.66,72,4.15,13,39.0%,43,,,,,,,,,,,,,,,,,,,,,,,,,,,,,,,,,,,,,,,,,,,,,,,,,,,,,,,,,,,,,,,,,,
2b09d998,Tyler Adams,Right,180,69,1999-02-14,United States,Leeds United,"['592f3158', 'b825a650', '7f3b388c', '5ab0ea87', '72c812f3', '91f7631f', 'cc77354e', '1a6b7ea4', '2b1bed19', '8f056768']",0.00,10,0.04,35,0.00,11,0.00,45,0.00,45,0.33,21,0.04,7,0.00,1,0.00,1,0.05,26,0.06,6,0.17,1,0.04,3,25.0%,38,0.00,11,0.00,11,27.60,5,0.00,33,0.03,1,0.00,56,0.00,56,52.80,81,61.85,80,85.4%,74,808.54,70,235.76,69,27.82,88,30.99,89,89.8%,67,19.64,74,22.10,74,88.9%,68,3.04,34,4.63,31,65.8%,56,0.06,39,0.88,47,5.21,73,0.54,35,0.00,9,4.55,76,59.22,82,2.54,67,1.96,78,0.04,17,0.08,3,0.13,8,0.54,85,0.00,23,0.00,29,0.00,29,0.00,46,0.08,86,1.50,94,1.71,25,1.54,40,0.00,20,0.04,40,0.04,22,0.04,27,0.04,29,0.21,52,0.17,56,0.00,39,0.00,41,0.04,85,0.00,39,0.00,42,3.00,91,1.50,82,1.29,91,1.50,92,0.21,41,1.54,96,2.71,85,56.9%,88,1.17,37,1.84,96,0.33,72,1.21,61,4.21,83,1.04,51,0.00,72,72.73,84,1.92,42,14.68,68,47.79,91,10.84,37,0.33,8,72.73,84,0.33,13,1.00,36,33.3%,4,1.38,44,0.38,93,47.50,72,0.96,29,0.04,5,1.58,35,1.04,42,0.00,80,0.00,44,0.00,61,0.00,53,6.67,58,1.00,56,0.67,76,60.0%,84,,,,,,,,,,,,,,,,,,,,,,,,,,,,,,,,,,,,,,,,,,,,,,,,,,,,,,,,,,,,,,,,,,
22919e97,Sargis Adamyan,Right,184,76,1993-05-23,Armenia,Köln,"['05f99a4a', '3effaa34', '9dbb75ca', 'f7036e1c', 'c691bfe2', 'fed7cb61', '45b9b619', '8d78e732', 'a53649b7', 'b66315ae']",0.19,4,0.19,71,0.19,8,0.00,21,0.00,15,0.19,33,0.00,57,0.55,80,0.55,92,0.11,38,0.67,84,3.06,78,1.72,98,56.3%,99,0.06,4,0.11,1,13.40,70,0.00,31,0.18,88,-0.36,1,-0.36,1,18.92,76,25.80,69,73.3%,72,308.22,81,68.22,86,9.55,55,11.47,45,83.3%,78,7.45,91,9.94,91,75.0%,66,1.53,85,2.10,78,72.7%,93,0.15,79,1.34,76,1.15,63,1.53,93,0.38,99,2.48,88,22.93,64,2.68,91,0.00,21,0.19,75,0.19,68,1.72,89,1.15,99,0.00,37,0.00,42,0.00,44,0.00,49,0.19,24,1.53,99,3.25,83,2.48,86,0.00,35,0.00,3,0.76,99,0.00,2,0.00,19,0.38,67,0.19,51,0.00,46,0.00,28,0.19,99,0.00,25,0.00,45,1.53,96,0.96,97,0.57,98,0.19,31,0.76,99,0.76,99,1.72,99,44.4%,86,0.96,8,1.53,99,0.00,10,0.19,52,1.72,92,0.38,22,0.00,58,41.66,87,0.38,14,3.82,91,18.15,81,20.45,81,6.69,94,41.66,87,0.57,28,4.01,94,14.3%,1,3.82,10,2.68,6,27.71,67,6.69,73,0.00,54,2.29,4,0.96,25,0.57,53,0.00,24,0.00,56,0.00,51,5.54,99,1.53,47,3.82,17,28.6%,14,,,,,,,,,,,,,,,,,,,,,,,,,,,,,,,,,,,,,,,,,,,,,,,,,,,,,,,,,,,,,,,,,,
c81d773d,Tosin Adarabioyo,Right,196,79,1997-09-24,England,Fulham,"['18abe173', 'b857bd29', 'c562c5b4', '4bd414c1', 'e6777e6b', 'f5deef4c', 'f2c6ac01', '4ac7608e', '0abc51f2', '27a013f7']",0.10,90,0.00,30,0.10,90,0.00,49,0.00,49,0.00,99,0.00,64,0.01,6,0.01,6,0.00,2,0.02,4,0.30,22,0.10,39,33.3%,68,0.33,98,1.00,92,11.10,65,0.00,46,0.05,8,+0.09,99,+0.09,99,38.90,32,48.80,36,79.7%,20,788.80,38,290.70,36,10.00,10,11.50,10,87.0%,23,25.30,61,28.70,67,88.2%,28,3.20,9,7.30,32,43.8%,5,0.01,14,0.10,13,2.20,25,0.20,62,0.00,27,2.80,69,46.60,39,1.80,31,1.30,31,0.00,22,0.40,48,0.10,47,0.40,63,0.00,48,0.00,49,0.00,49,0.00,50,0.40,1,0.10,1,0.50,18,0.30,11,0.00,30,0.00,37,0.00,15,0.00,33,0.20,96,0.00,10,0.00,14,0.00,47,0.00,49,0.00,38,0.00,46,0.00,42,1.10,24,0.40,6,0.90,51,0.20,7,0.00,15,0.40,9,0.60,7,66.7%,64,0.20,89,0.70,7,0.60,37,1.10,28,2.20,24,5.00,89,0.00,83,57.80,32,9.70,84,30.40,44,26.20,34,1.40,13,0.30,7,57.80,32,0.10,25,0.20,33,50.0%,27,0.10,99,0.30,17,35.50,38,0.10,31,0.00,57,0.60,83,0.20,8,0.00,78,0.00,46,0.00,76,0.00,61,4.00,4,2.20,58,0.50,99,81.5%,99,,,,,,,,,,,,,,,,,,,,,,,,,,,,,,,,,,,,,,,,,,,,,,,,,,,,,,,,,,,,,,,,,,
501055d8,Karim Adeyemi,Left,180,68,2002-01-18,Germany,Dortmund,"['0c61c77c', 'b2bd0f6c', '4468ec10', '2979c05a', '2374aaca', '7fcc71d8', '2b16cb1a', '1880614f', '37dc1a48', '13ddc856']",0.08,2,0.08,8,0.08,4,0.00,32,0.00,30,0.33,3,0.00,55,0.18,18,0.18,23,0.25,68,0.42,46,1.90,28,0.91,59,47.8%,90,0.04,3,0.09,1,18.00,51,0.00,21,0.09,26,-0.10,9,-0.10,9,17.36,3,24.46,4,70.9%,20,225.87,3,63.47,7,11.49,13,13.72,13,83.7%,26,4.55,2,6.28,1,72.4%,16,0.66,2,1.49,5,44.4%,19,0.17,44,1.32,23,1.16,15,0.91,13,0.00,1,1.49,6,23.47,4,0.83,14,0.17,27,0.08,13,0.08,16,1.07,9,0.25,18,0.41,38,0.41,53,0.00,14,0.00,40,0.17,65,1.07,81,3.80,49,2.31,28,0.00,9,0.41,80,0.41,89,0.58,98,0.08,80,0.41,37,0.33,46,0.00,29,0.00,22,0.08,88,0.00,21,0.00,43,0.66,12,0.25,3,0.33,42,0.17,3,0.17,23,0.58,72,1.57,69,36.8%,57,0.99,33,1.07,75,0.00,11,0.66,70,1.32,28,0.00,1,0.00,60,37.60,5,0.74,63,5.37,50,12.89,3,20.08,17,3.88,49,37.60,5,1.65,63,5.12,92,32.3%,1,3.55,5,1.49,48,27.36,9,6.45,76,0.00,53,1.32,22,1.90,77,0.00,99,0.00,27,0.00,56,0.00,51,3.72,19,0.74,74,1.16,35,39.1%,65,,,,,,,,,,,,,,,,,,,,,,,,,,,,,,,,,,,,,,,,,,,,,,,,,,,,,,,,,,,,,,,,,,
dcfb17f4,Amine Adli,Left,174,59,2000-05-10,France,Leverkusen,"['a08b974a', '3423f250', 'a69e4806', '5148dcc5', '9f1893b9', '48a5a5d6', 'b2bd0f6c', '9b6f7fd5', '4a5a45c7', '7a42d0df']",0.12,8,0.18,42,0.12,13,0.00,32,0.00,30,0.12,54,0.00,55,0.36,73,0.36,83,0.12,11,0.49,59,2.37,57,1.13,79,47.5%,88,0.05,7,0.11,2,14.40,94,0.00,21,0.15,85,-0.24,1,-0.24,1,27.88,40,37.14,39,75.1%,39,373.41,28,97.30,34,16.32,46,20.17,53,80.9%,13,9.31,45,11.57,44,80.5%,60,0.71,3,1.66,7,42.9%,16,0.11,12,1.01,6,1.78,40,1.36,44,0.30,62,3.03,53,35.48,43,1.42,29,0.12,18,0.36,79,0.00,2,1.72,28,0.59,63,0.36,37,0.12,37,0.00,14,0.00,40,0.24,41,2.02,99,3.26,26,2.20,24,0.18,43,0.24,43,0.42,90,0.18,49,0.06,61,0.36,20,0.24,25,0.00,29,0.06,74,0.06,78,0.00,21,0.00,43,1.60,78,0.83,73,0.59,78,0.77,85,0.24,42,0.53,64,1.13,42,47.4%,91,0.59,74,2.08,99,0.06,47,0.71,76,2.31,81,0.65,78,0.00,60,51.44,48,0.53,37,7.12,86,23.55,58,21.54,23,3.92,50,51.44,48,1.48,55,2.97,44,50.0%,58,3.38,6,1.36,58,37.67,46,6.29,74,0.00,53,2.20,1,2.20,84,0.65,6,0.00,27,0.06,1,0.00,51,4.15,39,0.65,68,1.84,12,26.2%,28,,,,,,,,,,,,,,,,,,,,,,,,,,,,,,,,,,,,,,,,,,,,,,,,,,,,,,,,,,,,,,,,,,
26777636,Yacine Adli,Right,186,73,2000-07-29,France,Milan,"['82927de4', '3708e9fa', 'fc647b34', '6bde367b', 'cb11b429', '5bc43860', '0959c2a2', 'b2bd0f6c', 'aa849a12', '780e3631', '0f134faf', 'b9fbae28', 'b853e0ad', '10f0fdd3', '6f806d99', '57d88cf9', 'c1b7847c', 'db4ed67b', '0f59a7bf', 'c76b7567']",0.00,1,0.19,46,0.00,1,0.00,32,0.00,30,0.19,31,0.00,55,0.10,1,0.10,2,0.19,36,0.29,7,1.43,13,0.68,32,47.8%,90,0.00,1,0.00,1,20.30,22,0.06,58,0.07,8,-0.10,9,-0.10,9,32.42,54,46.49,68,69.7%,15,621.01,81,225.06,97,15.06,38,18.29,43,82.4%,20,11.28,67,15.19,73,74.3%,22,5.14,95,9.61,97,53.5%,50,0.14,28,1.67,46,4.03,87,1.49,53,0.06,8,4.65,89,41.65,63,4.52,80,1.43,88,0.50,88,0.87,92,3.91,67,0.31,27,2.17,73,1.05,79,0.81,79,0.00,40,0.31,22,1.61,99,3.91,55,2.48,39,0.62,72,0.25,47,0.19,33,0.12,29,0.25,99,0.62,74,0.37,64,0.12,93,0.06,76,0.00,19,0.06,79,0.00,43,2.05,93,1.18,91,0.99,99,0.74,83,0.31,62,0.87,93,2.73,99,31.8%,36,1.86,1,1.67,98,0.06,48,1.61,99,3.66,99,0.43,57,0.12,1,58.08,73,0.43,26,10.91,99,29.07,82,18.84,8,1.92,3,58.08,73,1.55,58,2.60,36,59.5%,88,2.54,46,1.74,28,39.61,55,2.91,1,0.00,53,1.18,30,0.87,16,0.12,85,0.00,27,0.00,56,0.00,51,5.70,88,0.56,54,0.81,61,40.9%,71,,,,,,,,,,,,,,,,,,,,,,,,,,,,,,,,,,,,,,,,,,,,,,,,,,,,,,,,,,,,,,,,,,
f9c927de,Michel Aebischer,Right,178,69,1997-01-06,Switzerland,Bologna,"['4accb7e0', 'a2b105e0', 'aa677a35', '22bfb57e', '3902e91b', '279ddf6a', 'beb882a8', '9939e168', '92d83c27', '6c811eb7']",0.07,53,0.15,81,0.07,55,0.00,45,0.00,45,0.22,50,0.00,59,0.07,37,0.07,40,0.06,32,0.13,35,1.03,51,0.37,64,35.7%,76,0.07,50,0.20,39,19.10,67,0.07,79,0.07,39,+0.01,66,+0.01,66,35.96,35,43.34,29,83.0%,58,564.44,28,159.48,29,18.46,50,20.38,45,90.6%,75,13.66,34,15.14,29,90.2%,79,2.66,24,4.95,38,53.7%,16,0.04,20,1.11,65,2.73,17,0.30,13,0.07,43,2.14,9,40.83,29,2.29,61,0.66,30,0.00,5,0.22,21,1.40,68,0.44,79,1.11,79,0.30,74,0.59,83,0.00,46,0.22,33,0.89,46,2.14,44,1.48,36,0.30,75,0.07,60,0.15,74,0.07,50,0.07,54,0.37,83,0.15,48,0.07,90,0.00,41,0.07,96,0.07,99,0.00,42,1.26,9,0.52,4,0.44,12,0.59,11,0.22,44,0.52,12,1.48,20,35.0%,16,0.96,62,1.11,39,0.22,46,0.96,40,2.21,14,0.59,17,0.00,72,51.68,26,1.33,20,11.52,41,27.76,23,12.92,54,1.55,67,51.68,26,0.30,9,0.81,26,36.4%,5,1.70,28,1.11,26,36.25,42,1.99,62,0.00,56,1.48,43,1.48,66,0.30,2,0.07,99,0.07,2,0.00,53,5.69,27,0.74,39,1.11,39,40.0%,23,,,,,,,,,,,,,,,,,,,,,,,,,,,,,,,,,,,,,,,,,,,,,,,,,,,,,,,,,,,,,,,,,,
0154d290,Felix Afena-Gyan,Right,175,74,2003-01-19,Ghana,Cremonese,"['5bd72174', '64e8ed6d', '86383d0e', '7703afb6', 'bf4c41f9', 'b561db50', '08aa9cd1', 'd125f22f', '0cc5f4a5', '97220da2']",0.00,1,0.00,5,0.00,1,0.00,21,0.00,15,0.57,1,0.11,1,0.14,1,0.14,1,0.02,1,0.16,1,1.70,3,0.45,1,26.7%,1,0.00,1,0.00,1,15.80,27,0.00,31,0.08,1,-0.14,12,-0.14,10,14.77,45,19.43,27,76.0%,83,191.02,35,25.11,11,9.09,53,10.80,32,84.2%,83,4.09,46,5.11,29,80.0%,86,0.68,44,1.02,37,66.7%,69,0.02,1,0.34,1,0.45,4,0.23,6,0.00,11,0.68,9,18.52,32,0.91,30,0.00,21,0.00,7,0.23,76,0.68,58,0.57,97,0.00,37,0.00,42,0.00,44,0.00,49,0.00,97,0.45,37,2.50,53,1.59,42,0.00,35,0.11,36,0.23,33,0.57,98,0.00,19,0.11,6,0.11,27,0.00,46,0.00,28,0.00,14,0.00,25,0.00,45,1.48,96,0.57,81,0.45,96,0.80,96,0.23,56,0.57,96,0.91,76,62.5%,99,0.34,68,0.45,26,0.00,10,0.34,83,1.82,93,0.11,5,0.00,58,34.43,54,0.45,19,3.41,85,12.16,19,19.77,78,4.09,28,34.43,55,0.57,28,2.39,69,23.8%,2,5.45,1,2.84,3,25.68,58,6.70,73,0.11,1,2.27,6,2.84,96,0.91,17,0.00,24,0.00,56,0.00,51,4.66,99,1.59,49,2.95,39,35.0%,32,,,,,,,,,,,,,,,,,,,,,,,,,,,,,,,,,,,,,,,,,,,,,,,,,,,,,,,,,,,,,,,,,,
75f1ed80,Emmanuel Agbadou,Right,192,84,1997-06-17,Côte d'Ivoire,Reims,"['c67cd65c', '277c49ed', 'a8c19eb8', '1025db8e', 'aa5322d5', '5e66fa06', '4e358a2d', 'f7c491f1', '32c2d95f', '0b33f6ad']",0.00,17,0.00,30,0.00,17,0.00,49,0.00,49,0.19,56,0.19,1,0.07,79,0.07,80,0.04,80,0.12,89,0.93,95,0.19,73,20.0%,34,0.00,17,0.00,17,16.00,20,0.00,46,0.08,29,-0.07,2,-0.07,2,37.71,28,44.77,23,84.2%,50,773.68,36,300.56,41,12.63,31,14.12,29,89.5%,43,18.85,24,21.08,23,89.4%,36,5.76,67,8.64,54,66.7%,70,0.07,95,0.19,39,2.41,32,0.46,90,0.00,27,2.04,32,42.45,25,2.23,49,2.14,80,0.28,99,0.56,63,0.00,7,0.00,3,0.00,48,0.00,49,0.00,49,0.00,50,0.09,63,0.65,78,1.11,86,0.84,84,0.09,92,0.00,37,0.19,97,0.00,33,0.00,9,0.09,67,0.09,82,0.00,47,0.00,49,0.00,38,0.00,46,0.00,42,2.69,97,1.67,98,1.86,98,0.84,91,0.00,15,1.49,97,2.04,94,72.7%,83,0.56,29,1.21,54,0.56,32,1.21,38,3.90,89,5.02,89,0.09,11,56.56,28,8.92,73,31.39,53,23.41,22,2.32,45,0.93,63,56.56,28,0.37,84,0.56,79,66.7%,54,0.84,8,0.37,8,30.84,22,0.37,82,0.00,57,1.39,10,0.28,14,0.00,78,0.00,46,0.00,76,0.00,61,8.08,98,2.14,56,1.39,45,60.5%,51,,,,,,,,,,,,,,,,,,,,,,,,,,,,,,,,,,,,,,,,,,,,,,,,,,,,,,,,,,,,,,,,,,
8bc8829a,Lucien Agoume,Right,185,81,2002-02-09,France,Troyes,"['15413fa5', 'c2211709', '64c14d49', 'e8c930bb', '4b511457', 'e1df6989', 'b5bb8188', '26db8853', '1c7012b8', '16264a81']",0.00,10,0.00,11,0.00,11,0.00,45,0.00,45,0.38,14,0.00,59,0.07,40,0.06,37,0.08,44,0.13,34,0.75,24,0.06,6,8.3%,3,0.00,11,0.00,11,10.40,99,0.00,33,0.08,54,-0.07,11,-0.06,13,40.14,52,48.73,50,82.4%,52,705.89,52,216.06,56,18.69,51,21.39,50,87.4%,42,15.30,47,17.87,47,85.6%,45,4.95,73,6.40,59,77.5%,90,0.04,16,0.69,33,4.64,60,0.50,32,0.06,37,3.95,61,46.22,50,2.32,63,1.82,73,0.00,5,0.50,60,0.31,24,0.06,21,0.00,23,0.00,29,0.00,29,0.00,46,0.19,47,1.07,67,1.88,29,1.44,32,0.06,60,0.06,53,0.25,93,0.06,45,0.00,8,0.13,26,0.13,42,0.00,39,0.00,41,0.00,35,0.00,39,0.00,42,2.45,73,1.51,82,1.00,68,1.07,62,0.38,82,1.00,67,2.13,66,47.1%,62,1.13,41,1.51,77,0.44,85,2.57,98,5.02,96,1.19,59,0.00,72,58.70,48,2.63,73,16.56,80,32.74,44,10.22,32,1.51,66,58.70,48,1.13,75,1.38,55,81.8%,99,0.94,79,0.88,44,35.25,38,1.25,40,0.00,56,1.57,37,0.69,17,0.06,35,0.00,44,0.06,4,0.00,53,7.15,72,1.44,76,1.25,26,53.5%,65,,,,,,,,,,,,,,,,,,,,,,,,,,,,,,,,,,,,,,,,,,,,,,,,,,,,,,,,,,,,,,,,,,
014aa7bd,Álvaro Aguado,Right,,,1996-05-01,,Valladolid,"['7460ca0d', 'a2d9f138', '375622c5', '935e6b8f', '37f606f0', '7fac99d4', '55126f3b', '6f7d826d', '528492ea', 'c6e8cf1f']",0.00,10,0.24,91,0.00,11,0.00,45,0.00,45,0.12,82,0.00,59,0.02,6,0.02,7,0.11,64,0.13,35,0.72,23,0.12,18,16.7%,15,0.00,11,0.00,11,25.40,12,0.00,33,0.04,6,-0.02,41,-0.02,41,43.01,59,51.33,57,83.8%,66,874.46,78,239.88,72,16.75,37,18.19,29,92.1%,86,16.75,57,19.76,59,84.8%,39,8.31,96,10.84,91,76.7%,86,0.12,74,1.81,91,4.94,68,0.48,30,0.12,59,5.18,86,48.19,58,3.13,74,1.81,72,0.24,75,1.93,99,2.17,77,0.12,35,1.20,79,0.00,29,0.84,88,0.00,46,0.00,99,0.72,26,3.73,93,3.13,97,0.48,81,0.00,14,0.00,6,0.12,70,0.00,8,0.36,82,0.12,38,0.24,99,0.00,41,0.00,35,0.00,39,0.00,42,0.36,1,0.12,1,0.24,1,0.12,1,0.00,1,0.36,3,0.84,1,42.9%,44,0.48,96,1.08,38,0.36,77,0.60,12,0.96,1,0.60,18,0.00,72,57.47,43,1.45,22,13.01,53,31.20,38,13.86,59,0.72,29,57.47,43,0.48,31,1.08,41,44.4%,15,0.96,78,0.24,98,40.48,55,1.20,38,0.00,56,0.48,98,1.08,43,0.00,80,0.00,44,0.12,1,0.00,53,5.42,21,0.96,53,1.08,41,47.1%,42,,,,,,,,,,,,,,,,,,,,,,,,,,,,,,,,,,,,,,,,,,,,,,,,,,,,,,,,,,,,,,,,,,
46fa7204,Kevin Agudelo,Left,178,73,1998-11-14,,Spezia,"['b3325a30', '3312f911', 'a9202def', 'c17bfb65', '5e1028e5', 'c2731c10', 'fc15fb84', '004d185e', 'a3b03921', '1ac232b8', 'da052c14', '2bd83368', 'aa849a12', '82927de4', '5bc43860', '7e82a78f', '780e3631', '2fba6108', 'cb11b429', 'a08b974a']",0.12,71,0.04,35,0.12,73,0.00,45,0.00,45,0.16,67,0.04,7,0.11,63,0.11,66,0.08,49,0.19,57,1.32,71,0.58,89,43.8%,94,0.09,63,0.21,42,18.90,69,0.00,33,0.08,54,+0.02,71,+0.02,72,20.14,2,28.17,2,71.5%,5,288.58,1,94.98,4,11.78,6,14.70,9,80.1%,4,6.38,1,7.95,1,80.3%,17,0.91,1,1.89,1,47.8%,7,0.07,46,0.74,37,2.43,12,0.78,58,0.08,44,2.51,21,27.10,2,0.74,17,0.08,3,0.08,31,0.08,3,1.48,68,0.25,60,0.25,65,0.12,68,0.12,70,0.00,46,0.33,9,1.61,98,2.47,56,1.44,32,0.04,50,0.29,97,0.29,96,0.25,94,0.16,90,0.21,52,0.08,24,0.00,39,0.00,41,0.00,35,0.04,89,0.08,99,3.13,93,1.65,87,0.95,63,1.65,95,0.54,97,0.82,46,2.14,66,38.5%,27,1.32,27,1.77,93,0.16,28,0.58,10,3.71,70,0.33,2,0.00,72,41.68,3,0.70,3,5.93,2,19.36,1,17.67,77,2.14,83,41.68,3,1.61,91,3.17,95,50.6%,30,2.88,1,2.51,1,26.11,8,3.34,86,0.00,56,2.06,10,1.65,75,0.08,27,0.00,44,0.00,61,0.00,53,5.31,18,0.82,44,1.19,30,40.8%,25,,,,,,,,,,,,,,,,,,,,,,,,,,,,,,,,,,,,,,,,,,,,,,,,,,,,,,,,,,,,,,,,,,
288e1e13,Nayef Aguerd,Left,188,76,1996-03-30,Morocco,West Ham United,"['6043997c', '282f75f3', 'e34fc66d', 'b77f44a4', '6e33125f', 'adfc9123', 'bd142efb', 'ccce7025', 'e06683ca', 'a4effc55']",0.00,17,0.12,99,0.00,17,0.00,49,0.00,49,0.12,79,0.06,8,0.08,80,0.08,80,0.02,55,0.10,74,0.81,90,0.17,67,21.4%,39,0.00,17,0.00,17,10.30,75,0.00,46,0.09,42,-0.08,2,-0.08,2,62.09,87,71.61,88,86.7%,65,1313.21,94,498.28,96,18.45,70,20.25,71,91.1%,62,33.25,88,35.40,88,93.9%,84,9.63,98,14.45,99,66.7%,70,0.02,36,0.29,71,4.35,84,0.17,55,0.00,27,2.73,67,68.94,88,2.50,57,2.44,87,0.00,22,1.51,98,0.06,30,0.06,12,0.00,48,0.00,49,0.00,49,0.00,50,0.17,31,0.46,47,0.64,36,0.46,32,0.00,30,0.00,37,0.12,83,0.06,90,0.00,9,0.17,92,0.12,89,0.00,47,0.00,49,0.00,38,0.06,99,0.00,42,1.22,35,0.81,47,0.70,24,0.52,64,0.00,15,0.70,49,1.04,45,66.7%,64,0.35,61,0.81,11,0.35,7,0.81,10,2.03,17,3.95,60,0.00,83,80.66,89,6.21,24,37.25,87,41.84,89,1.91,31,1.28,88,80.66,89,0.23,63,0.29,51,80.0%,75,0.29,76,0.06,84,59.77,91,0.06,17,0.00,57,0.70,75,0.70,67,0.00,78,0.06,98,0.06,17,0.00,61,5.80,59,2.67,80,1.57,29,63.0%,60,,,,,,,,,,,,,,,,,,,,,,,,,,,,,,,,,,,,,,,,,,,,,,,,,,,,,,,,,,,,,,,,,,
3dd738a1,Ruben Aguilar,Right,172,69,1993-04-26,France,Monaco,"['b3af9be1', '70c52749', '0cbc8baa', '1daec722', '39769cff', 'd38fdf53', '94b2001f', 'a4b1028a', '5e74d6c8', '099e666f']",0.00,23,0.11,61,0.00,23,0.00,49,0.00,48,0.26,26,0.00,60,0.02,25,0.02,25,0.08,52,0.11,35,0.42,33,0.05,17,12.5%,16,0.00,23,0.00,23,22.50,30,0.00,41,0.05,28,-0.02,33,-0.02,34,53.17,80,66.15,85,80.4%,70,847.72,76,350.28,92,27.69,83,30.68,83,90.2%,68,20.33,79,24.43,78,83.2%,68,3.57,61,7.25,59,49.3%,51,0.16,85,0.53,16,5.15,92,1.68,91,0.32,34,5.20,97,55.69,81,10.19,60,1.21,71,0.21,96,0.42,71,2.63,51,8.98,64,0.00,27,0.00,36,0.00,34,0.00,48,0.26,21,0.47,9,1.42,16,1.10,20,0.11,41,0.05,48,0.05,48,0.05,40,0.05,45,0.11,18,0.11,34,0.00,32,0.00,41,0.00,42,0.00,37,0.00,43,2.63,83,1.73,91,1.37,69,0.89,86,0.37,91,1.37,78,2.42,81,56.5%,47,1.05,24,0.68,8,0.21,29,1.89,97,4.52,95,2.47,69,0.00,76,75.92,86,3.78,71,20.65,67,36.04,86,19.75,71,1.37,68,75.92,86,0.37,22,0.53,7,70.0%,97,1.16,50,0.11,99,44.87,75,2.68,79,0.00,54,1.26,22,1.16,64,0.05,57,0.00,43,0.00,68,0.00,56,6.30,74,1.05,59,1.73,4,37.7%,16,,,,,,,,,,,,,,,,,,,,,,,,,,,,,,,,,,,,,,,,,,,,,,,,,,,,,,,,,,,,,,,,,,
a6c58494,Naouirou Ahamada,Right,183,76,2002-03-29,France,Stuttgart,"['6c811eb7', '22bfb57e', '3cd7820a', '82464ce3', '279ddf6a', '85a44ecc', '3902e91b', '8577e60a', '528492ea', '0b2c8585']",0.14,77,0.00,11,0.14,80,0.00,45,0.00,45,0.14,74,0.00,59,0.06,29,0.06,32,0.04,19,0.10,18,1.04,52,0.35,60,33.3%,67,0.13,82,0.40,78,22.40,36,0.00,33,0.05,15,+0.08,94,+0.08,94,28.91,16,34.06,10,84.9%,72,448.12,14,95.71,5,14.77,22,16.02,14,92.2%,87,11.70,22,12.75,16,91.8%,90,1.39,3,2.72,5,51.3%,11,0.05,25,0.77,39,2.23,9,0.42,23,0.14,65,2.02,7,33.16,11,0.84,18,0.21,6,0.07,28,0.07,3,0.42,32,0.35,72,0.00,23,0.00,29,0.00,29,0.00,46,0.07,88,0.63,18,2.23,47,1.74,50,0.00,20,0.21,92,0.14,71,0.07,50,0.07,50,0.28,68,0.28,82,0.00,39,0.00,41,0.00,35,0.00,39,0.00,42,1.18,8,0.77,15,0.56,21,0.42,5,0.21,41,0.63,24,1.53,25,40.9%,36,0.91,66,0.91,22,0.28,59,0.56,9,1.74,6,0.42,6,0.00,72,42.98,6,1.18,16,9.47,20,24.10,11,10.24,33,1.25,55,42.98,6,1.25,79,2.51,86,50.0%,27,2.16,11,0.56,73,29.26,16,2.58,75,0.00,56,1.11,73,1.18,48,0.07,30,0.00,44,0.00,61,0.00,53,5.71,27,0.56,26,1.18,31,32.0%,9,,,,,,,,,,,,,,,,,,,,,,,,,,,,,,,,,,,,,,,,,,,,,,,,,,,,,,,,,,,,,,,,,,
48b28bfd,Jean-Eudes Aholou,Left,187,71,1994-03-20,Côte d'Ivoire,Strasbourg,"['a9202def', 'c2731c10', 'f24ea523', '237a3851', '0f8418aa', '19709006', 'b2bd0f6c', 'c7069d87', '4b96c347', 'a99138af']",0.08,54,0.08,57,0.08,56,0.00,45,0.00,45,0.30,29,0.00,59,0.18,86,0.18,90,0.12,68,0.31,85,1.36,72,0.30,51,22.2%,27,0.06,44,0.25,47,19.80,60,0.00,33,0.13,91,-0.11,3,-0.11,3,26.06,10,34.57,10,75.4%,15,389.75,7,102.73,6,13.26,12,16.19,16,81.9%,8,9.49,12,12.35,15,76.8%,8,1.51,4,2.79,6,54.1%,17,0.14,78,0.83,43,2.26,10,1.05,75,0.08,43,2.64,24,33.82,12,0.75,17,0.68,32,0.23,73,0.23,22,0.53,40,0.08,24,0.00,23,0.00,29,0.00,29,0.00,46,0.00,99,0.90,48,2.41,54,2.03,66,0.00,20,0.08,60,0.08,38,0.08,51,0.15,86,0.30,73,0.30,85,0.00,39,0.00,41,0.00,35,0.00,39,0.00,42,1.73,33,1.05,45,0.30,2,1.05,61,0.38,83,0.60,20,1.73,39,34.8%,15,1.13,41,0.90,22,0.00,1,1.58,82,3.31,57,0.53,13,0.00,72,46.69,13,0.83,5,5.72,2,24.18,11,17.40,76,2.64,92,46.69,13,1.28,79,2.86,91,44.7%,15,2.26,8,1.13,25,29.90,19,3.77,91,0.00,56,1.58,36,2.18,92,0.08,28,0.00,44,0.00,61,0.00,53,5.80,30,1.51,78,1.05,43,58.8%,81,,,,,,,,,,,,,,,,,,,,,,,,,,,,,,,,,,,,,,,,,,,,,,,,,,,,,,,,,,,,,,,,,,
18abe173,Joseph Aidoo,Right,184,79,1995-09-29,Ghana,Celta Vigo,"['5c7845f6', '2a6cd437', '6bd5cd5d', '75438a9a', '7b075c75', '41b3069f', '27a013f7', 'd0f72bf1', 'e27da244', '4534a352']",0.03,36,0.00,30,0.03,37,0.00,49,0.00,49,0.05,93,0.00,64,0.02,16,0.02,16,0.01,16,0.03,9,0.27,18,0.05,18,20.0%,34,0.10,60,0.50,75,17.10,14,0.00,46,0.08,29,+0.01,68,+0.01,67,42.89,47,52.25,46,82.1%,34,875.70,52,281.54,31,11.94,25,14.01,28,85.2%,16,25.62,63,28.33,65,90.4%,45,4.93,49,8.62,53,57.2%,40,0.02,31,0.13,22,3.00,55,0.21,65,0.03,58,2.68,65,50.90,51,1.17,8,0.72,4,0.00,22,0.29,35,0.08,41,0.45,65,0.00,48,0.00,49,0.00,49,0.00,50,0.19,27,0.40,35,0.42,10,0.29,10,0.00,30,0.00,37,0.00,15,0.00,33,0.13,88,0.05,39,0.05,57,0.00,47,0.00,49,0.00,38,0.00,46,0.00,42,1.51,56,1.01,67,1.03,65,0.42,46,0.05,50,0.58,34,0.98,38,59.5%,37,0.40,53,0.85,13,0.45,16,1.11,29,2.63,37,3.50,48,0.05,33,61.14,43,7.37,48,30.69,45,29.23,52,1.59,21,0.32,7,61.14,43,0.29,73,0.37,60,78.6%,73,0.40,61,0.24,29,39.36,52,0.13,43,0.00,57,0.48,93,0.50,44,0.03,51,0.00,46,0.03,49,0.03,20,5.54,48,1.78,34,1.54,32,53.6%,21,,,,,,,,,,,,,,,,,,,,,,,,,,,,,,,,,,,,,,,,,,,,,,,,,,,,,,,,,,,,,,,,,,
9b398aea,Rayan Aït Nouri,Left,179,69,2001-06-06,France,Wolverhampton Wanderers,"['984a5a64', 'be927d03', 'a55d8df5', '5db04597', 'a4b00319', 'ff800ed8', '112521d1', '4e0afc5d', '74f2e748', '9daeac61', 'b51b1b9c', '70f8e0bd', 'caa7aaea', '8449d35e', 'f9d5908e', 'e778654a', 'bb376bed', '4accb7e0', '8da74c05', '85a44ecc']",0.04,67,0.04,25,0.04,67,0.00,49,0.00,48,0.17,54,0.00,60,0.04,56,0.04,58,0.07,38,0.12,45,0.76,72,0.25,78,33.3%,74,0.06,60,0.17,49,16.50,84,0.00,41,0.06,45,0.00,67,0.00,66,38.15,33,49.24,28,77.5%,54,602.26,32,206.77,16,21.50,46,23.73,44,90.6%,74,13.19,25,16.90,21,78.1%,39,2.61,32,5.82,35,44.9%,35,0.06,26,0.72,41,1.85,9,0.97,53,0.55,68,2.19,16,39.50,29,9.57,46,0.42,9,0.04,51,0.34,65,3.54,73,8.35,37,0.80,84,0.30,85,0.42,85,0.00,48,0.17,49,0.80,56,2.28,67,1.60,61,0.17,61,0.25,98,0.00,14,0.13,84,0.13,82,0.21,57,0.17,59,0.00,32,0.00,41,0.00,42,0.04,89,0.00,43,2.74,87,1.52,79,2.02,97,0.55,35,0.17,39,0.76,19,1.22,15,62.1%,65,0.46,80,0.89,24,0.08,3,1.01,37,3.75,81,1.90,34,0.04,31,61.38,34,2.82,31,20.82,68,21.88,7,19.85,72,2.32,91,61.38,34,1.85,98,3.84,98,48.4%,47,2.07,4,1.05,10,35.92,44,3.37,91,0.00,54,0.80,70,0.89,51,0.17,15,0.04,97,0.04,18,0.04,3,5.61,49,0.84,42,0.89,56,48.8%,44,,,,,,,,,,,,,,,,,,,,,,,,,,,,,,,,,,,,,,,,,,,,,,,,,,,,,,,,,,,,,,,,,,
d810c13b,Emanuel Aiwum,Right,185,78,2000-12-25,Austria,Cremonese,"['c00097d2', 'a93b6f4e', '080440a4', 'cea59f02', 'c20bdcd7', 'a396fb61', '5fa57166', '0be276c6', '3681cfff', '41b3069f']",0.00,17,0.00,30,0.00,17,0.00,49,0.00,49,0.16,64,0.00,64,0.02,10,0.02,10,0.03,72,0.05,23,0.24,14,0.08,29,33.3%,68,0.00,17,0.00,17,17.70,11,0.00,46,0.05,8,-0.02,42,-0.02,42,36.49,24,46.77,31,78.0%,12,615.56,9,224.49,9,17.03,64,18.75,64,90.8%,58,16.32,11,19.85,16,82.2%,4,2.43,3,5.81,11,41.9%,3,0.05,92,0.24,54,2.67,42,0.55,94,0.08,82,2.04,32,40.17,16,6.43,97,1.73,63,0.08,85,0.39,47,0.31,76,4.32,95,0.00,48,0.00,49,0.00,49,0.00,50,0.16,36,0.47,47,1.02,79,0.78,79,0.00,30,0.00,37,0.00,15,0.00,33,0.24,98,0.00,10,0.00,14,0.00,47,0.00,49,0.00,38,0.00,46,0.00,42,3.53,99,2.20,99,2.04,99,1.33,99,0.16,92,1.96,99,2.51,98,78.1%,92,0.55,30,1.26,57,0.78,67,1.96,88,5.49,99,3.61,52,0.08,16,57.91,32,6.91,37,31.15,49,23.85,24,3.77,71,0.39,13,57.91,32,0.24,63,0.63,84,37.5%,11,0.63,23,0.24,31,29.74,18,0.24,64,0.00,57,1.02,38,0.78,77,0.00,78,0.00,46,0.00,76,0.00,61,7.14,87,1.49,22,0.86,87,63.3%,61,,,,,,,,,,,,,,,,,,,,,,,,,,,,,,,,,,,,,,,,,,,,,,,,,,,,,,,,,,,,,,,,,,
a8c0acb7,Kristoffer Ajer,Right,196,83,1998-04-17,Norway,Brentford,"['4d1666ff', '8f325097', '44781702', 'fcb27134', '5b146df3', '94b2001f', '75b86fb3', 'd9624b51', '0c7a48f8', '35e413f1', '6213fd82', '0cbc8baa', '24fae784', 'cc2d7ad5', '054849d2', 'fdf3cb77', '8a3c1dc7', '099e666f', '808d48f3', '374d5158']",0.05,56,0.14,99,0.05,57,0.00,49,0.00,49,0.19,56,0.00,64,0.03,28,0.03,29,0.09,99,0.12,89,0.28,20,0.05,16,16.7%,24,0.17,85,1.00,92,7.80,97,0.00,46,0.12,70,+0.01,74,+0.01,74,30.84,7,42.39,16,72.7%,3,510.14,1,233.48,13,15.19,49,18.59,62,81.7%,4,12.72,1,16.21,2,78.4%,1,2.24,1,4.80,5,46.6%,9,0.07,97,0.33,79,2.19,25,0.47,90,0.05,71,3.07,76,35.82,6,6.34,96,0.33,1,0.05,66,0.33,41,0.75,93,6.01,99,0.00,48,0.00,49,0.00,49,0.00,50,0.23,13,0.33,23,1.35,94,0.93,88,0.19,98,0.09,99,0.00,15,0.05,86,0.09,74,0.28,99,0.09,82,0.05,99,0.09,99,0.00,38,0.05,98,0.00,42,1.40,48,0.98,63,0.84,44,0.42,45,0.14,89,0.75,54,1.16,54,64.0%,52,0.42,49,0.89,16,0.56,32,1.12,30,2.52,33,2.84,23,0.00,83,50.82,10,4.94,7,21.06,1,21.80,15,8.48,96,1.30,89,50.82,10,0.42,88,0.84,95,50.0%,27,0.89,5,0.42,6,27.48,11,0.70,94,0.00,57,0.61,82,0.61,58,0.00,78,0.00,46,0.05,24,0.00,61,5.22,36,1.96,45,1.26,58,60.9%,52,,,,,,,,,,,,,,,,,,,,,,,,,,,,,,,,,,,,,,,,,,,,,,,,,,,,,,,,,,,,,,,,,,
462475ed,Ludovic Ajorque,Left,197,82,1994-02-25,,Strasbourg,"['15f24fe7', 'aed3a70f', '7cdda3bf', '129af0db', 'f2bf1b0f', 'ca618d23', 'e09f279b', 'ca45605e', '405f6586', 'ce5143da']",0.32,34,0.12,51,0.20,15,0.12,85,0.12,78,0.16,48,0.00,57,0.39,42,0.29,27,0.22,87,0.51,51,2.02,20,0.69,10,34.0%,24,0.10,22,0.29,28,14.20,58,0.04,67,0.15,56,-0.06,33,-0.09,21,21.14,82,29.65,84,71.3%,57,299.65,80,45.46,54,12.30,82,16.46,86,74.8%,37,6.01,79,8.19,80,73.4%,54,1.33,78,1.90,72,70.2%,86,0.15,79,1.53,85,0.89,33,0.77,69,0.12,72,1.21,44,28.52,85,1.01,32,0.08,70,0.20,77,0.20,69,0.32,23,0.08,37,0.00,37,0.00,42,0.00,44,0.00,49,0.12,47,0.44,36,2.50,53,2.06,74,0.00,35,0.04,11,0.16,12,0.20,52,0.04,55,0.28,46,0.20,59,0.00,46,0.00,28,0.04,43,0.04,64,0.00,45,0.89,76,0.69,87,0.04,16,0.56,85,0.28,72,0.28,79,1.25,92,22.6%,34,0.97,8,0.48,31,0.04,29,0.16,42,1.05,66,1.05,82,0.04,6,38.93,77,1.21,81,2.86,62,20.94,92,15.45,35,4.92,54,38.81,77,0.24,5,0.77,7,31.6%,10,1.98,90,1.05,82,30.26,80,6.94,78,0.00,54,1.33,42,1.09,33,0.44,74,0.08,88,0.00,56,0.00,51,2.78,62,4.44,92,3.71,21,54.5%,92,,,,,,,,,,,,,,,,,,,,,,,,,,,,,,,,,,,,,,,,,,,,,,,,,,,,,,,,,,,,,,,,,,
89ac64a6,Manuel Akanji,Right,187,84,1995-07-19,Switzerland,Manchester City,"['e33c06cf', 'c3ee18ef', 'e76cb9cc', '6f5ec8bb', '30f5ffa9', '35e413f1', '75b86fb3', 'd248cd8f', '4d1666ff', '08511d65']",0.04,51,0.04,75,0.04,51,0.00,49,0.00,49,0.12,79,0.00,64,0.05,49,0.05,49,0.02,47,0.07,44,0.54,59,0.08,28,14.3%,18,0.07,47,0.50,75,15.50,23,0.00,46,0.09,42,-0.01,47,-0.01,47,71.82,96,78.20,95,91.8%,95,1333.66,95,447.85,90,26.95,95,28.41,95,94.9%,96,37.21,96,38.75,94,96.0%,97,6.69,81,9.11,62,73.4%,89,0.03,72,0.31,75,5.34,92,0.04,11,0.00,27,3.61,89,75.66,95,2.46,56,1.42,39,0.08,84,0.65,71,0.12,52,1.04,79,0.00,48,0.00,49,0.00,49,0.00,50,0.08,70,0.73,84,1.19,88,0.96,90,0.04,75,0.08,98,0.04,43,0.00,33,0.08,64,0.00,10,0.00,14,0.00,47,0.00,49,0.00,38,0.00,46,0.00,42,1.58,59,1.00,66,0.88,50,0.58,70,0.12,83,1.00,80,1.54,76,65.0%,58,0.54,31,1.15,49,0.42,14,1.08,25,2.65,39,1.92,2,0.00,83,85.81,95,6.50,30,32.60,61,47.90,95,5.88,87,1.04,74,85.81,95,0.35,80,0.46,74,75.0%,65,0.50,41,0.19,41,65.16,95,0.58,90,0.00,57,0.88,56,0.81,78,0.04,35,0.00,46,0.00,76,0.04,12,6.50,78,1.38,14,1.61,26,46.2%,7,,,,,,,,,,,,,,,,,,,,,,,,,,,,,,,,,,,,,,,,,,,,,,,,,,,,,,,,,,,,,,,,,,
eaeca114,Nathan Aké,Left,180,74,1995-02-18,Netherlands,Manchester City,"['119b9a8e', 'bee704fc', '18b896d6', 'f521b80a', 'e06683ca', '4f28a6ff', 'd8931174', 'b96b595c', '06df8256', 'e33c06cf', '2a29eb9b', '35e413f1', '45a03961', '2321ea6e', 'd4535821', 'b3af9be1', '983ff2c7', '94b2001f', '0c7a48f8', '0d82903c']",0.11,94,0.00,30,0.11,95,0.00,49,0.00,49,0.06,92,0.00,64,0.06,57,0.06,58,0.04,81,0.10,72,0.62,74,0.11,45,18.2%,27,0.18,87,1.00,92,9.30,87,0.00,46,0.09,42,+0.06,96,+0.06,95,87.97,99,95.54,99,92.1%,96,1494.80,99,551.58,99,39.27,99,41.24,99,95.2%,97,43.45,99,46.38,99,93.7%,82,4.52,38,6.10,15,74.1%,90,0.05,90,0.28,70,8.42,99,0.06,18,0.00,27,4.01,94,91.13,99,4.24,88,1.24,27,0.06,74,0.45,53,0.17,61,2.99,92,0.00,48,0.00,49,0.00,49,0.00,50,0.17,33,0.40,34,1.19,88,1.02,92,0.00,30,0.00,37,0.06,55,0.00,33,0.11,82,0.06,41,0.06,60,0.00,47,0.00,49,0.00,38,0.00,46,0.00,42,1.36,44,0.68,28,0.68,22,0.62,75,0.06,52,0.62,40,0.79,20,78.6%,93,0.17,92,0.68,5,0.28,3,1.24,41,2.60,36,1.98,4,0.00,83,102.03,99,5.25,9,33.22,65,60.06,99,9.15,98,1.41,93,102.03,99,0.00,2,0.17,27,0.0%,2,0.17,93,0.11,66,81.47,99,0.34,80,0.00,57,0.45,94,0.62,61,0.11,6,0.00,46,0.00,76,0.00,61,4.12,6,2.82,87,1.36,49,67.6%,79,,,,,,,,,,,,,,,,,,,,,,,,,,,,,,,,,,,,,,,,,,,,,,,,,,,,,,,,,,,,,,,,,,
06efa9dc,Sergio Akieme,Left,,,1997-12-16,,Almería,"['112521d1', '236f02cd', 'fc4cf6a7', '9daeac61', '33a61a52', 'bcc81786', '8a3c1dc7', '5db04597', '6f5f82c0', '2321ea6e']",0.00,23,0.00,7,0.00,23,0.00,49,0.00,48,0.21,39,0.00,60,0.06,79,0.06,80,0.05,17,0.11,44,1.14,92,0.36,91,31.3%,70,0.00,23,0.00,23,21.20,44,0.00,41,0.06,45,-0.06,3,-0.06,2,32.50,15,41.57,6,78.2%,56,550.00,20,192.71,11,16.14,16,18.43,15,87.6%,29,12.86,23,15.29,11,84.1%,75,2.57,30,5.14,27,50.0%,53,0.06,27,0.64,32,1.64,4,0.64,20,0.57,71,1.57,3,32.36,6,8.71,26,1.14,66,0.07,68,0.93,94,2.64,52,7.57,22,0.00,27,0.00,36,0.00,34,0.00,48,0.50,1,0.79,53,1.64,29,1.14,23,0.00,5,0.07,60,0.14,87,0.00,10,0.29,99,0.14,35,0.07,21,0.00,32,0.07,99,0.00,42,0.00,37,0.00,43,1.71,25,0.93,21,1.14,49,0.43,15,0.14,30,0.79,20,1.00,6,78.6%,99,0.21,99,1.00,38,0.21,32,0.64,4,2.36,11,1.71,25,0.00,76,50.50,4,3.79,72,16.64,17,22.64,9,12.36,18,1.36,68,50.50,4,1.21,87,2.21,86,54.8%,78,1.00,61,0.86,16,28.57,18,1.86,44,0.00,54,0.86,65,0.64,33,0.00,88,0.00,43,0.00,68,0.00,56,4.93,20,0.64,24,0.57,88,52.9%,57,,,,,,,,,,,,,,,,,,,,,,,,,,,,,,,,,,,,,,,,,,,,,,,,,,,,,,,,,,,,,,,,,,
31f5b89b,Paul Akouokou,Right,190,83,1997-12-20,Côte d'Ivoire,Real Betis,"['ed5c5fa3', '41f32541', 'a4b798a9', '03049c8c', '2b1bed19', '546bb36e', '346d51d9', '6c203af0', '9823be92', '11fd2b75']",0.00,10,0.00,11,0.00,11,0.00,45,0.00,45,0.44,6,0.09,2,0.03,8,0.03,9,0.02,3,0.04,1,0.61,18,0.09,9,14.3%,10,0.00,11,0.00,11,25.00,14,0.00,33,0.04,6,-0.03,38,-0.03,37,47.06,70,51.95,59,90.6%,97,811.92,71,191.55,46,21.25,65,22.30,57,95.3%,99,19.77,75,21.60,71,91.5%,88,4.55,66,5.60,49,81.3%,96,0.04,14,0.17,1,4.90,67,0.17,5,0.09,45,2.62,23,51.34,65,0.52,9,0.52,22,0.09,33,0.61,70,0.17,13,0.00,4,0.00,23,0.00,29,0.00,29,0.00,46,0.09,86,1.05,64,0.61,1,0.52,1,0.00,20,0.00,14,0.09,42,0.00,8,0.00,8,0.00,2,0.00,3,0.00,39,0.00,41,0.00,35,0.00,39,0.00,42,2.19,58,1.31,69,0.87,57,0.96,51,0.35,78,1.49,94,2.27,71,65.4%,98,0.79,78,1.05,36,0.00,1,2.01,96,4.20,83,0.87,37,0.09,6,60.79,55,2.27,60,12.07,47,41.20,77,7.70,14,0.26,6,60.79,55,0.52,35,0.79,26,66.7%,84,0.44,99,0.52,78,42.77,61,0.52,9,0.00,56,2.27,4,1.05,42,0.00,80,0.00,44,0.00,61,0.00,53,7.00,67,0.52,22,1.05,43,33.3%,10,,,,,,,,,,,,,,,,,,,,,,,,,,,,,,,,,,,,,,,,,,,,,,,,,,,,,,,,,,,,,,,,,,
6ec6fde0,Kevin Akpoguma,Right,192,83,1995-04-19,Nigeria,Hoffenheim,"['0c7a48f8', '53cad200', '35e413f1', '8f325097', 'c56dc39e', 'bd7d2e6d', 'f7c491f1', 'dad4b285', '7f609bfc', '5b146df3']",0.05,61,0.05,85,0.05,62,0.00,49,0.00,49,0.43,4,0.00,64,0.04,40,0.04,40,0.08,98,0.12,87,0.32,23,0.05,18,16.7%,24,0.17,85,1.00,92,12.30,52,0.00,46,0.13,76,+0.01,72,+0.01,72,38.43,30,49.76,40,77.2%,9,685.02,20,266.54,24,15.20,49,17.49,53,86.9%,22,18.77,24,22.06,29,85.1%,12,3.61,20,7.66,38,47.2%,10,0.08,97,0.43,91,3.24,64,0.53,93,0.16,95,3.40,84,44.34,31,5.37,94,0.96,12,0.00,22,0.37,46,1.17,98,4.41,95,0.00,48,0.00,49,0.00,49,0.00,50,0.05,84,1.59,99,1.01,79,0.90,87,0.00,30,0.00,37,0.00,15,0.05,88,0.05,43,0.05,39,0.05,57,0.00,47,0.00,49,0.00,38,0.00,46,0.00,42,2.55,96,1.65,98,1.44,93,0.90,93,0.21,97,1.06,84,1.75,86,60.6%,42,0.69,13,1.97,98,0.37,9,1.17,34,3.72,85,2.50,10,0.11,8,61.88,46,4.68,5,25.68,14,28.33,46,8.40,95,1.17,84,61.88,46,0.64,98,1.91,99,33.3%,7,1.54,1,0.43,6,35.67,39,0.69,94,0.00,57,1.44,9,1.12,91,0.11,8,0.00,46,0.05,20,0.00,61,6.01,66,1.44,18,1.59,27,47.4%,7,,,,,,,,,,,,,,,,,,,,,,,,,,,,,,,,,,,,,,,,,,,,,,,,,,,,,,,,,,,,,,,,,,
05439de2,David Alaba,Left,180,72,1992-06-24,Austria,Real Madrid,"['e33c06cf', '44781702', '5eecec3d', '4d1666ff', '31c69ef1', '18b896d6', '94b2001f', '89ac64a6', '4f28a6ff', 'd6e53a3a', '983ff2c7', '374d5158', 'fce2302c', 'd4535821', '7226539b', 'fc4cf6a7', 'a96e5dc0', '2321ea6e', '10e7f486', '3cefcaef']",0.07,74,0.07,93,0.07,74,0.00,49,0.00,49,0.12,78,0.00,64,0.05,46,0.05,46,0.05,87,0.10,71,0.62,73,0.19,75,30.8%,63,0.12,70,0.38,63,21.10,5,0.21,99,0.09,42,+0.02,84,+0.02,83,54.70,75,60.91,71,89.8%,88,858.47,50,316.19,51,27.35,95,28.68,95,95.4%,98,23.05,48,25.00,46,92.2%,64,2.43,3,4.52,3,53.7%,27,0.08,98,0.71,99,3.97,79,0.33,82,0.10,83,2.74,67,57.80,71,2.90,70,1.24,27,0.14,95,0.05,2,1.12,97,1.36,83,0.10,99,0.05,99,0.05,99,0.00,50,0.21,19,0.26,13,1.40,96,1.05,93,0.19,98,0.00,37,0.12,85,0.00,33,0.05,38,0.14,84,0.07,72,0.02,94,0.00,49,0.05,93,0.00,46,0.00,42,0.78,6,0.50,12,0.40,5,0.26,16,0.12,85,0.43,13,0.64,11,66.7%,64,0.21,86,0.93,20,0.67,49,0.78,8,1.57,4,1.83,2,0.07,19,67.07,64,7.35,47,29.52,39,29.18,51,8.78,97,1.12,81,67.07,64,0.14,38,0.29,49,50.0%,27,0.67,20,0.12,64,51.40,78,1.45,99,0.00,57,0.55,87,0.10,1,0.00,78,0.00,46,0.00,76,0.00,61,4.64,21,0.43,1,0.55,98,43.9%,3,,,,,,,,,,,,,,,,,,,,,,,,,,,,,,,,,,,,,,,,,,,,,,,,,,,,,,,,,,,,,,,,,,
99ea2ddd,Tomás Alarcón,Right,180,68,1999-01-19,Chile,Cádiz,"['59e4b92e', 'f2dd9a21', '74e12f1e', '07c7eb0c', 'efecd633', '1ae836b1', '41f32541', 'a4b798a9', '240d3a0b', '11fd2b75']",0.00,10,0.00,11,0.00,11,0.00,45,0.00,45,0.23,46,0.12,1,0.02,6,0.02,6,0.05,21,0.08,13,0.82,31,0.23,40,28.6%,50,0.00,11,0.00,11,31.00,1,0.00,33,0.03,1,-0.02,42,-0.02,42,25.91,10,35.02,11,74.0%,10,513.15,23,169.73,34,10.39,2,12.37,2,84.0%,16,9.11,9,11.56,10,78.8%,12,5.37,76,8.52,78,63.0%,44,0.06,35,0.70,34,3.39,32,0.35,17,0.12,57,2.45,19,31.28,7,3.50,77,1.63,68,0.23,75,0.47,56,3.39,85,0.12,35,1.75,84,0.70,84,0.93,90,0.00,46,0.23,29,0.58,14,1.28,9,0.58,1,0.47,80,0.00,14,0.00,6,0.12,69,0.12,74,0.00,2,0.00,3,0.00,39,0.00,41,0.00,35,0.00,39,0.00,42,1.05,5,0.70,12,0.47,14,0.35,3,0.23,49,0.58,19,1.75,40,33.3%,12,1.17,38,0.82,14,0.23,49,1.52,80,2.57,28,1.05,52,0.00,72,43.19,6,2.10,52,11.56,42,22.88,8,8.99,22,0.12,1,43.19,6,0.00,1,0.23,1,0.0%,1,0.58,97,0.93,40,23.93,6,0.70,15,0.12,1,0.93,81,0.82,25,0.12,15,0.00,44,0.12,1,0.00,53,6.19,41,0.82,44,0.70,75,53.8%,66,,,,,,,,,,,,,,,,,,,,,,,,,,,,,,,,,,,,,,,,,,,,,,,,,,,,,,,,,,,,,,,,,,
834d0be5,Lucas Alario,Right,186,74,1992-10-08,Argentina,Eintracht Frankfurt,"['e5478b87', 'ed5c0319', '5d4f7d61', '923f4dda', '8c90fd7a', 'd705ba44', 'e7986081', '6f8cd6d0', '3effaa34', '3bb7f478']",0.69,94,0.00,5,0.69,96,0.00,21,0.00,15,0.00,96,0.00,57,0.62,92,0.62,98,0.12,39,0.74,92,2.84,70,1.37,86,48.3%,90,0.24,96,0.50,92,13.00,79,0.00,31,0.22,99,+0.07,76,+0.07,78,17.35,65,25.10,67,69.1%,43,214.80,52,35.78,36,9.80,58,13.43,70,73.0%,27,4.51,56,6.47,57,69.7%,38,0.69,44,0.88,29,77.8%,97,0.17,85,0.69,12,0.59,11,0.39,23,0.00,11,1.08,32,23.33,67,1.76,67,0.00,21,0.10,42,0.10,45,0.10,5,0.20,71,0.00,37,0.00,42,0.00,44,0.00,49,0.00,97,0.59,60,2.84,73,1.96,70,0.00,35,0.69,99,0.10,4,0.10,22,0.00,19,0.49,80,0.39,87,0.00,46,0.10,93,0.00,14,0.00,25,0.00,45,0.69,60,0.39,58,0.20,71,0.10,12,0.39,94,0.29,81,0.59,46,50.0%,93,0.29,76,0.59,45,0.00,10,0.10,14,0.78,50,1.67,99,0.00,58,37.25,70,1.57,96,3.82,91,16.76,72,17.35,62,5.49,75,37.25,71,1.86,93,2.75,76,67.9%,99,2.94,47,1.76,29,27.65,67,6.37,65,0.00,54,1.08,58,0.69,12,0.88,17,0.00,24,0.00,56,0.00,51,2.06,27,2.65,71,4.41,11,37.5%,39,,,,,,,,,,,,,,,,,,,,,,,,,,,,,,,,,,,,,,,,,,,,,,,,,,,,,,,,,,,,,,,,,,
4601e194,Jordi Alba,Left,170,68,1989-03-21,Spain,Barcelona,"['cd1acf9d', '9e1577aa', '2e4f5f03', '048a1cbc', '0ab1f153', '30af8b93', '0b5a292a', '230a2fac', 'd4c9725f', '51cf8561']",0.08,88,0.22,93,0.08,88,0.00,49,0.00,48,0.35,7,0.00,60,0.07,79,0.07,81,0.22,95,0.29,97,0.95,86,0.27,83,28.6%,62,0.09,76,0.30,67,23.20,25,0.03,83,0.07,58,+0.02,77,+0.02,77,82.33,99,97.59,99,84.4%,87,1285.44,98,429.76,98,43.97,99,47.93,99,91.7%,85,30.48,98,34.84,98,87.5%,89,5.31,88,9.27,81,57.3%,78,0.26,98,1.95,95,8.75,98,2.28,98,0.65,79,6.96,99,85.20,99,11.95,84,2.95,98,0.41,98,0.54,83,3.87,78,8.94,62,0.05,66,0.00,36,0.03,68,0.00,48,0.43,2,0.60,22,3.22,93,2.90,99,0.16,59,0.03,30,0.08,66,0.03,23,0.03,20,0.38,85,0.35,95,0.00,32,0.00,41,0.03,88,0.00,37,0.00,43,1.65,21,1.17,46,0.70,14,0.76,67,0.19,49,1.03,45,1.71,40,60.3%,59,0.68,55,0.81,19,0.22,33,1.00,34,2.66,20,1.22,9,0.03,49,104.03,99,2.36,14,19.89,53,54.29,99,30.40,98,2.14,88,104.03,99,0.11,1,0.46,4,23.5%,2,0.73,85,0.27,86,75.10,99,3.68,94,0.00,54,0.65,84,0.60,29,0.46,1,0.00,43,0.00,68,0.00,56,7.75,94,0.35,6,0.65,82,35.1%,11,,,,,,,,,,,,,,,,,,,,,,,,,,,,,,,,,,,,,,,,,,,,,,,,,,,,,,,,,,,,,,,,,,
5294a83f,Luis Alberto,Right,182,73,1992-09-28,Spain,Lazio,"['e46012d4', '6928979a', '79300479', 'a5296e55', 'c05dfb74', 'fc46aab1', 'cd0fa27b', '980522ec', '819b3158', '54e4866f']",0.25,94,0.32,97,0.25,95,0.00,45,0.00,45,0.18,64,0.00,59,0.17,85,0.17,88,0.30,99,0.47,97,1.86,92,0.67,92,35.8%,76,0.13,82,0.37,72,20.10,58,0.00,33,0.09,67,+0.07,93,+0.07,93,60.39,92,74.70,95,80.8%,43,948.63,84,310.63,92,32.14,95,35.79,96,89.8%,67,21.26,81,24.74,86,86.0%,49,4.70,69,9.65,84,48.7%,8,0.30,99,2.53,97,8.39,97,2.04,98,0.14,65,6.46,97,65.47,91,8.91,99,3.12,94,0.77,99,0.32,40,6.04,97,0.46,80,4.49,99,1.89,98,1.86,97,0.00,46,0.32,11,0.81,37,4.49,96,3.05,95,1.02,93,0.14,79,0.11,53,0.11,65,0.07,51,0.77,99,0.46,97,0.18,99,0.04,91,0.07,95,0.00,39,0.04,90,1.16,8,0.56,6,0.42,10,0.42,5,0.32,72,0.46,8,1.72,37,26.5%,3,1.26,30,1.05,36,0.25,51,0.39,3,1.54,5,0.28,1,0.00,72,82.53,95,0.98,8,10.00,24,45.58,87,27.58,99,1.58,68,82.53,95,0.84,61,1.61,64,52.2%,34,1.37,45,0.91,42,61.86,94,3.51,88,0.00,56,0.60,95,0.63,14,0.07,30,0.00,44,0.00,61,0.00,53,5.33,19,0.28,5,0.60,84,32.0%,9,,,,,,,,,,,,,,,,,,,,,,,,,,,,,,,,,,,,,,,,,,,,,,,,,,,,,,,,,,,,,,,,,,
4bd414c1,Raúl Albiol,Right,190,82,1985-09-04,Spain,Villarreal,"['f5deef4c', '44150beb', '27a013f7', 'bcfb0142', 'f2c6ac01', '4ac7608e', 'e6777e6b', '41b3069f', 'a712ca2b', 'bc6f5f06']",0.00,17,0.00,30,0.00,17,0.00,49,0.00,49,0.23,38,0.00,64,0.01,7,0.01,7,0.00,4,0.02,3,0.15,7,0.03,10,16.7%,24,0.00,17,0.00,17,11.90,57,0.00,46,0.08,29,-0.01,45,-0.01,45,46.30,55,53.94,54,85.8%,59,987.98,68,334.40,59,11.14,20,12.14,15,91.8%,69,27.62,72,30.03,71,92.0%,61,6.82,83,10.27,79,66.4%,69,0.01,23,0.10,13,2.33,30,0.15,49,0.00,27,2.20,41,52.05,57,1.81,32,1.69,58,0.00,22,0.49,56,0.13,55,0.03,6,0.00,48,0.00,49,0.00,49,0.00,50,0.08,70,0.36,28,0.43,11,0.41,25,0.00,30,0.00,37,0.03,33,0.00,33,0.00,9,0.05,38,0.03,32,0.00,47,0.00,49,0.03,78,0.00,46,0.00,42,0.89,11,0.51,12,0.56,13,0.31,22,0.03,31,0.38,8,0.59,6,65.2%,59,0.20,87,1.10,40,0.74,63,0.74,5,1.64,5,4.91,88,0.03,64,63.17,50,9.86,86,34.52,73,27.52,42,1.46,16,0.26,4,63.17,50,0.08,20,0.13,19,60.0%,43,0.28,78,0.23,32,40.76,55,0.03,6,0.00,57,0.69,76,0.54,47,0.00,78,0.00,46,0.00,76,0.00,61,4.91,26,1.56,25,0.87,86,64.2%,63,,,,,,,,,,,,,,,,,,,,,,,,,,,,,,,,,,,,,,,,,,,,,,,,,,,,,,,,,,,,,,,,,,
b827d5b3,Marc Albrighton,Right,175,67,1989-11-18,England,Leicester City,"['82927de4', 'da052c14', '2bd83368', 'd56543a0', '5bc43860', '26f6dca8', '780e3631', 'aa849a12', '0847b5a5', '9efa1d25']",0.00,1,0.20,52,0.00,1,0.00,32,0.00,30,0.30,4,0.00,55,0.05,1,0.05,1,0.16,23,0.21,1,0.40,1,0.00,1,0.0%,1,0.00,1,,,14.60,93,0.00,21,0.12,63,-0.05,26,-0.05,24,30.84,48,48.24,75,63.9%,4,437.76,43,162.71,77,19.82,64,23.76,73,83.4%,25,7.89,31,12.64,54,62.4%,3,1.82,37,6.78,83,26.9%,1,0.10,8,0.91,4,1.72,37,0.71,4,0.51,88,2.02,18,40.55,60,7.28,98,1.31,85,0.20,48,0.20,44,5.97,92,3.64,99,2.33,79,1.62,90,0.30,61,0.00,40,0.40,8,1.11,83,1.72,1,1.11,1,0.20,46,0.00,1,0.00,1,0.30,79,0.10,83,0.30,17,0.20,20,0.00,29,0.00,22,0.00,19,0.00,21,0.10,99,2.73,99,1.31,96,1.31,99,0.91,92,0.51,93,1.01,99,4.45,99,22.7%,10,3.44,1,1.42,93,0.30,99,0.81,85,3.54,99,2.43,99,0.00,60,58.75,77,3.13,99,14.26,99,25.18,67,20.02,17,1.21,1,58.75,77,1.01,23,2.73,38,37.0%,4,1.72,82,0.61,98,35.09,33,2.33,1,0.00,53,0.30,98,1.21,39,0.20,68,0.00,27,0.00,56,0.00,51,5.66,88,0.20,16,1.21,30,14.3%,4,,,,,,,,,,,,,,,,,,,,,,,,,,,,,,,,,,,,,,,,,,,,,,,,,,,,,,,,,,,,,,,,,,
77e84962,Thiago Alcántara,Right,172,59,1991-04-11,Spain,Liverpool,"['4f255115', '3b8674e6', '56f7a928', 'db092d3b', '8b04d6c1', '1c7012b8', 'a8a874f1', 'ed45c4a5', '7b9c2d84', '79c0821a']",0.07,50,0.10,66,0.07,52,0.00,45,0.00,45,0.13,79,0.00,59,0.07,36,0.07,39,0.10,58,0.16,46,1.05,52,0.26,44,25.0%,38,0.06,44,0.25,47,23.50,27,0.00,33,0.07,39,0.00,59,0.00,59,72.98,98,82.21,98,88.8%,91,1337.47,98,398.39,97,32.20,95,34.89,94,92.3%,88,29.91,98,32.24,98,92.8%,93,8.87,97,11.13,93,79.7%,94,0.11,68,1.21,71,10.60,99,1.24,84,0.03,22,7.46,99,80.31,98,1.73,48,1.31,58,0.36,88,1.28,95,0.23,19,0.26,63,0.03,49,0.00,29,0.03,61,0.00,46,0.16,56,1.31,84,3.17,79,2.85,93,0.00,20,0.07,55,0.13,68,0.10,62,0.03,23,0.29,70,0.29,84,0.00,39,0.00,41,0.00,35,0.00,39,0.00,42,2.91,89,1.80,93,0.95,64,1.47,90,0.49,95,0.92,56,2.39,77,38.4%,27,1.47,20,1.41,69,0.10,15,1.77,91,4.68,93,0.82,33,0.10,5,93.17,98,2.09,51,15.51,73,60.02,99,18.59,82,0.69,28,93.17,98,1.15,75,1.93,75,59.3%,57,1.18,61,1.11,25,68.79,98,1.83,57,0.00,56,1.18,68,1.28,54,0.00,80,0.00,44,0.03,13,0.00,53,7.92,88,1.37,73,1.18,32,53.8%,66,,,,,,,,,,,,,,,,,,,,,,,,,,,,,,,,,,,,,,,,,,,,,,,,,,,,,,,,,,,,,,,,,,
036bba5f,Rubén Alcaraz,Right,183,79,1991-05-01,,Cádiz,"['83d074ff', '16657b95', '5ae499d0', '5e22e2a4', '529f49ab', '55a1cac2', '56f7a928', '33b8d077', 'c149016b', '4b511457']",0.11,65,0.00,11,0.11,69,0.00,45,0.00,45,0.67,1,0.06,4,0.11,66,0.11,68,0.08,50,0.19,60,1.78,90,0.33,56,18.8%,21,0.06,44,0.33,67,23.20,31,0.33,97,0.06,27,0.00,59,0.00,59,41.44,56,50.45,55,82.1%,50,796.32,69,249.20,75,17.63,44,19.80,41,89.0%,60,15.41,48,17.13,40,89.9%,75,6.90,91,10.62,90,64.9%,53,0.09,58,1.11,65,5.95,83,0.83,62,0.28,86,4.28,70,47.00,52,3.39,76,2.56,89,0.22,73,1.11,92,1.78,73,0.11,33,0.50,72,0.06,63,0.22,74,0.06,96,0.06,91,0.78,32,2.89,73,2.00,65,0.50,82,0.06,49,0.11,56,0.22,91,0.00,8,0.17,38,0.17,56,0.00,39,0.00,41,0.00,35,0.00,39,0.00,42,3.06,92,1.61,86,1.22,87,1.67,96,0.17,26,1.50,94,3.23,94,46.6%,60,1.72,11,0.89,20,0.11,18,0.95,39,4.00,79,1.11,56,0.00,72,61.19,56,1.67,32,12.63,50,38.33,66,11.12,40,1.28,56,61.19,56,0.67,46,1.06,40,63.2%,70,1.95,16,1.11,26,39.10,50,0.83,25,0.06,2,2.23,5,2.67,98,0.06,37,0.00,44,0.06,6,0.00,53,7.01,68,1.61,83,1.61,11,50.0%,54,,,,,,,,,,,,,,,,,,,,,,,,,,,,,,,,,,,,,,,,,,,,,,,,,,,,,,,,,,,,,,,,,,
bb08bce9,Omar Alderete,Left,188,77,1996-12-26,Paraguay,Getafe,"['51a3c4c8', 'c5b7c315', '5eaed77a', '0abc51f2', 'aad48be9', '5ed9b537', 'b742cc0d', '697295b1', '94302c52', '3e42f707']",0.06,65,0.00,30,0.06,66,0.00,49,0.00,49,0.48,2,0.00,64,0.03,25,0.03,25,0.01,13,0.04,14,0.72,83,0.18,70,25.0%,50,0.08,51,0.33,56,19.80,6,0.00,46,0.05,8,+0.03,90,+0.03,89,22.96,1,38.71,7,59.3%,1,543.70,2,267.44,25,6.20,1,8.41,1,73.8%,1,11.21,1,15.51,1,72.3%,1,5.25,56,13.24,96,39.6%,1,0.02,38,0.06,5,2.98,53,0.18,58,0.00,27,2.68,66,35.61,5,2.86,70,2.68,95,0.00,22,1.73,99,0.18,63,0.12,25,0.00,48,0.00,49,0.00,49,0.00,50,0.24,12,0.54,58,0.72,46,0.60,56,0.00,30,0.06,95,0.00,15,0.00,33,0.06,50,0.06,43,0.06,63,0.00,47,0.00,49,0.00,38,0.00,46,0.00,42,2.27,92,1.49,95,1.37,90,0.84,91,0.06,55,1.49,97,2.33,97,64.1%,53,0.84,8,1.13,44,0.60,37,1.43,58,3.70,85,5.84,98,0.00,83,51.83,12,6.68,34,25.11,11,24.93,29,2.45,49,0.95,65,51.83,12,0.60,96,0.78,92,76.9%,70,0.60,28,0.12,63,21.35,1,0.06,18,0.00,57,1.67,3,0.48,41,0.00,78,0.00,46,0.06,16,0.00,61,6.32,74,2.80,86,1.67,21,62.7%,60,,,,,,,,,,,,,,,,,,,,,,,,,,,,,,,,,,,,,,,,,,,,,,,,,,,,,,,,,,,,,,,,,,
3d7e48ce,Iván Alejo,Right,186,74,1995-02-10,,Cádiz,"['1ac232b8', '70f8e0bd', '62ab9184', 'c7069d87', '004d185e', '6ca5ec4b', 'fc15fb84', 'f9d5908e', '540ec57b', '5c74c0f5']",0.11,64,0.16,86,0.11,68,0.00,45,0.00,45,0.54,1,0.00,59,0.09,57,0.09,60,0.17,84,0.26,76,1.09,56,0.27,47,25.0%,38,0.10,69,0.40,78,22.40,36,0.00,33,0.08,54,+0.02,71,+0.02,72,15.63,1,26.84,1,58.2%,1,240.71,1,82.98,2,8.93,1,11.54,1,77.4%,2,3.87,1,6.37,1,60.7%,1,1.69,8,5.34,45,31.6%,1,0.14,78,1.52,82,1.09,1,1.63,94,1.58,99,1.14,1,25.81,1,0.93,21,0.22,6,0.00,5,0.11,6,7.62,99,0.71,89,0.00,23,0.00,29,0.00,29,0.00,46,0.11,80,1.25,81,3.05,76,2.45,84,0.05,56,0.22,93,0.16,77,0.11,66,0.05,38,0.27,67,0.22,68,0.00,39,0.05,97,0.00,35,0.00,39,0.00,42,2.72,84,1.58,86,1.52,97,0.87,42,0.33,75,1.47,93,3.48,96,42.2%,42,2.01,3,1.31,61,0.05,5,0.54,9,3.27,53,1.03,51,0.05,20,41.54,3,1.69,33,8.22,11,14.27,1,19.60,86,1.80,74,41.54,3,0.93,66,3.21,95,28.8%,2,3.05,1,1.74,3,26.62,8,3.54,89,0.00,56,3.10,1,2.78,99,0.22,4,0.00,44,0.05,6,0.00,53,5.34,19,1.31,69,1.03,45,55.8%,71,,,,,,,,,,,,,,,,,,,,,,,,,,,,,,,,,,,,,,,,,,,,,,,,,,,,,,,,,,,,,,,,,,
9e17ccff,Doğan Alemdar,Right,189,78,2002-10-29,Turkey,Rennes,"['5c4bf6ba', 'af104654', 'a111cf41', 'e1b0a70d', 'a4995f48', '5dcf3e90', '466fb2c5', 'bcb2ccd8', '97852360', '33887998']",,,,,,,,,0.19,72,,,,,,,,,,,,,,,,,,,,,,,,,,,,,,,,,,,25.54,42,,,,,,,,,,,,,,,,,,,,,,,,,,,,,,,,,,,,,,,,,,,,,,,,,,,,,,,,,,,,,,,,,,,,,,,,,,,,,,,,,,,,,,,,,,,,,,,,,,,,,,,,,,,,,,,,,,,,,,,,,,,,,,,,,,,,,,,,,,,,,,,,,,,,,,,,,,,,,,,,,,,,,,,,,,,1.26,60,3.14,5,1.76,1,62.0%,7,0.44,66,0.13,6,0.38,55,0.25,43,26.7%,46,0.06,80,0.13,96,0.00,40,66.7%,95,0.06,12,0.06,87,0.00,84,1.12,72,0.30,77,-0.14,25,4.83,48,13.05,49,37.0%,44,3.89,25,31.9%,36,32.0,30,6.21,24,78.8%,91,53.6,86,12.74,36,0.69,46,5.4%,45,1.69,90,17.8,89
6c811eb7,Carles Aleñá,Left,180,73,1998-01-05,Spain,Getafe,"['9939e168', 'c7069d87', '22bfb57e', '3902e91b', '3727dd3c', '279ddf6a', 'd44360be', 'f5044e54', 'a572e291', '237a3851']",0.11,67,0.08,58,0.11,70,0.00,45,0.00,45,0.30,29,0.00,59,0.09,57,0.09,61,0.04,16,0.13,35,1.66,86,0.68,93,40.9%,90,0.07,50,0.17,34,23.80,24,0.00,33,0.06,27,+0.02,72,+0.02,72,28.23,14,35.40,13,79.7%,38,478.57,18,104.08,7,13.36,13,15.62,13,85.5%,25,11.09,19,12.79,17,86.7%,53,2.57,23,4.15,23,61.8%,39,0.05,21,0.49,15,3.02,26,0.57,38,0.11,56,2.38,15,34.87,15,0.45,6,0.38,14,0.11,42,0.53,63,1.06,60,0.04,12,0.04,50,0.04,60,0.00,29,0.00,46,0.08,87,0.75,31,2.11,44,1.47,35,0.04,49,0.04,39,0.19,82,0.38,98,0.00,8,0.19,48,0.19,64,0.00,39,0.00,41,0.00,35,0.00,39,0.00,42,0.94,3,0.64,8,0.49,16,0.23,1,0.23,47,0.30,1,1.89,48,16.0%,1,1.58,16,0.83,15,0.08,9,0.34,2,1.28,1,0.79,31,0.00,72,44.30,9,0.60,1,6.19,3,26.53,19,12.08,47,0.75,32,44.30,9,0.75,54,1.55,62,48.8%,23,1.85,21,0.94,38,32.30,28,2.45,73,0.00,56,2.11,8,2.08,91,0.04,50,0.00,44,0.00,61,0.00,53,4.87,8,0.53,22,1.02,46,34.1%,12,,,,,,,,,,,,,,,,,,,,,,,,,,,,,,,,,,,,,,,,,,,,,,,,,,,,,,,,,,,,,,,,,,
cd1acf9d,Trent Alexander-Arnold,Right,175,68,1998-10-07,England,Liverpool,"['4601e194', '9e1577aa', '30af8b93', '048a1cbc', '0ab1f153', '7d450ed3', '2e4f5f03', 'd4c9725f', 'f315ca93', 'bd6351cd']",0.07,82,0.16,82,0.07,82,0.00,49,0.00,48,0.14,66,0.00,60,0.08,88,0.08,90,0.31,99,0.39,99,1.44,98,0.37,91,25.4%,52,0.05,55,0.19,51,24.20,17,0.23,96,0.06,45,-0.01,48,-0.01,48,63.69,95,86.85,97,73.3%,22,1243.49,98,504.92,99,27.77,84,31.42,85,88.4%,43,24.16,91,31.83,97,75.9%,25,10.62,99,20.05,99,53.0%,64,0.33,99,2.47,99,7.58,97,2.69,99,0.82,93,6.97,99,69.54,97,17.01,98,2.58,97,0.43,99,1.99,99,8.72,98,10.62,93,3.81,98,0.89,93,2.72,99,0.00,48,0.30,17,0.64,29,4.45,99,2.60,97,1.42,97,0.09,71,0.25,98,0.05,34,0.05,36,0.37,84,0.30,88,0.05,81,0.00,41,0.02,86,0.00,37,0.00,43,1.55,17,0.91,19,0.96,31,0.41,14,0.18,44,1.12,55,2.22,74,50.5%,16,1.10,22,0.75,13,0.11,8,1.05,41,2.60,17,1.12,5,0.00,76,94.29,98,2.33,12,20.35,60,43.89,97,30.72,98,2.28,91,94.29,98,0.57,47,1.03,37,55.6%,82,1.16,48,0.53,51,58.87,95,3.68,93,0.00,54,0.43,95,0.25,2,0.23,5,0.00,43,0.00,68,0.00,56,8.18,97,0.39,8,0.34,99,53.1%,59,,,,,,,,,,,,,,,,,,,,,,,,,,,,,,,,,,,,,,,,,,,,,,,,,,,,,,,,,,,,,,,,,,
f8405304,Mohamed Ali Cho,Left,182,66,2004-01-19,France,Real Sociedad,"['710fbdd1', '6afaebf2', '01870104', 'ac05f970', 'aad56ca3', 'aed3a70f', 'ca45605e', 'b0c71810', '0ae4e09a', '0745b37d']",0.15,2,0.22,81,0.15,4,0.00,21,0.00,15,0.36,3,0.15,1,0.26,8,0.26,14,0.26,94,0.52,53,2.04,21,0.87,34,42.9%,69,0.07,6,0.17,3,18.80,4,0.00,31,0.13,33,-0.11,16,-0.11,15,12.53,19,17.93,14,69.9%,47,174.02,26,32.87,29,7.58,24,9.04,11,83.9%,81,3.64,32,5.54,37,65.8%,23,0.58,34,1.31,49,44.4%,11,0.20,91,1.02,46,0.80,28,0.80,70,0.29,94,1.17,40,17.13,21,0.73,22,0.07,68,0.00,7,0.00,7,1.82,90,0.07,36,0.00,37,0.00,42,0.00,44,0.00,49,0.07,70,0.73,76,1.97,22,1.31,20,0.00,35,0.29,78,0.07,2,0.22,57,0.07,78,0.29,48,0.22,63,0.00,46,0.00,28,0.00,14,0.07,84,0.00,45,0.66,58,0.29,38,0.36,93,0.22,39,0.07,12,0.15,40,1.02,81,14.3%,15,0.87,12,0.80,75,0.07,50,0.51,94,1.17,74,0.22,12,0.00,58,31.34,35,0.22,5,2.99,71,12.17,19,17.34,62,3.06,4,31.34,35,1.68,91,3.79,92,44.2%,47,4.30,3,1.60,42,22.37,26,6.05,58,0.15,1,1.75,20,2.11,87,0.29,94,0.07,86,0.00,56,0.00,51,3.13,78,0.58,12,2.92,39,16.7%,2,,,,,,,,,,,,,,,,,,,,,,,,,,,,,,,,,,,,,,,,,,,,,,,,,,,,,,,,,,,,,,,,,,
7a2e46a8,Alisson,Right,193,91,1992-10-02,Brazil,Liverpool,"['8778c910', 'fcb38f57', '6f51e382', 'cd59b9df', '3bb7b8b4', '1840e36d', '1d2d5cc8', '625c144a', '08f5afaa', '60d90c55']",,,,,,,,,0.09,27,,,,,,,,,,,,,,,,,,,,,,,,,,,,,,,,,,,33.15,87,,,,,,,,,,,,,,,,,,,,,,,,,,,,,,,,,,,,,,,,,,,,,,,,,,,,,,,,,,,,,,,,,,,,,,,,,,,,,,,,,,,,,,,,,,,,,,,,,,,,,,,,,,,,,,,,,,,,,,,,,,,,,,,,,,,,,,,,,,,,,,,,,,,,,,,,,,,,,,,,,,,,,,,,,,,0.83,94,2.93,2,2.06,5,73.4%,72,0.70,95,0.15,11,0.15,8,0.44,95,44.4%,95,0.06,85,0.04,66,0.00,40,40.0%,82,0.00,77,0.04,95,0.00,84,1.01,82,0.32,93,+0.18,91,3.30,13,7.37,9,44.7%,87,5.89,92,17.9%,4,26.8,4,4.78,6,29.8%,14,32.4,18,8.61,2,0.61,38,7.1%,80,1.94,93,18.8,94
1956b948,Jim Allevinah,Right,172,67,1995-02-27,Gabon,Clermont Foot,"['a08b974a', 'aa8e289e', '2fba6108', 'a1d5bd30', '54e53b7e', '42eaa028', '4468ec10', '5a04fd92', '13ddc856', '3ea50f67']",0.14,16,0.07,7,0.14,23,0.00,32,0.00,30,0.14,48,0.00,55,0.21,36,0.21,45,0.12,10,0.34,18,2.48,61,0.62,24,25.0%,8,0.06,11,0.22,22,17.30,58,0.00,21,0.09,26,-0.08,15,-0.08,14,25.22,27,33.28,25,75.8%,44,362.27,26,74.22,12,14.61,33,17.30,31,84.5%,30,7.65,29,10.27,29,74.5%,23,1.45,28,2.34,18,61.8%,68,0.11,12,0.48,1,2.89,66,0.34,1,0.00,1,1.59,8,32.60,31,0.48,7,0.07,13,0.07,9,0.14,32,2.00,36,0.21,18,0.14,25,0.07,31,0.00,14,0.00,40,0.21,48,0.96,72,2.14,2,1.45,5,0.14,40,0.28,52,0.28,62,0.00,1,0.00,12,0.21,8,0.07,5,0.00,29,0.00,22,0.14,98,0.00,21,0.00,43,1.24,57,0.83,73,0.34,47,0.62,67,0.28,52,0.55,68,1.52,64,36.4%,55,0.96,35,0.96,65,0.00,11,0.07,1,1.31,28,0.41,56,0.00,60,46.03,29,0.83,67,5.72,58,21.50,48,19.50,13,4.48,68,46.03,30,1.45,51,4.00,79,36.2%,4,2.76,34,2.21,13,36.66,42,6.96,84,0.00,53,1.24,28,2.62,89,0.14,80,0.00,27,0.07,1,0.00,51,4.27,43,0.90,80,1.38,26,39.4%,66,,,,,,,,,,,,,,,,,,,,,,,,,,,,,,,,,,,,,,,,,,,,,,,,,,,,,,,,,,,,,,,,,,
cea4ee8f,Dele Alli,Right,188,76,1996-04-11,England,Beşiktaş,"['c17bfb65', '01c3aff5', '0f8418aa', '8da74c05', '2acd49b9', '3312f911', 'c2731c10', 'a5bea1fb', '2acf0cd7', '19cae58d']",0.00,10,0.00,11,0.00,11,0.00,45,0.00,45,0.52,2,0.00,59,0.12,69,0.12,72,0.10,62,0.23,67,0.69,22,0.17,25,25.0%,38,0.00,11,0.00,11,18.50,72,0.00,33,0.17,99,-0.12,2,-0.12,2,27.40,12,37.98,18,72.1%,7,388.61,6,93.29,4,15.61,29,20.12,43,77.6%,2,7.98,5,10.75,7,74.2%,3,1.91,11,2.77,6,68.8%,64,0.10,66,1.56,84,2.43,12,0.69,48,0.35,91,1.73,3,34.51,13,2.95,73,0.69,32,0.69,98,0.17,14,0.52,39,0.87,94,0.17,63,0.00,29,0.00,29,0.00,46,0.52,1,2.08,99,2.60,60,2.43,84,0.17,71,0.00,14,0.00,6,0.00,8,0.00,8,0.17,41,0.17,58,0.00,39,0.00,41,0.00,35,0.00,39,0.00,42,1.39,13,0.35,1,0.52,19,0.69,20,0.17,29,0.00,1,1.04,3,0.0%,1,1.04,51,2.43,99,0.35,75,1.56,82,2.95,41,2.60,98,0.00,72,55.14,33,3.29,87,12.83,53,26.36,19,16.82,74,3.12,96,55.14,33,1.73,94,3.99,99,43.5%,13,3.64,1,2.25,1,33.47,34,4.86,97,0.00,56,2.25,4,1.91,85,0.52,1,0.00,44,0.00,61,0.00,53,6.42,48,2.08,90,2.08,4,50.0%,54,,,,,,,,,,,,,,,,,,,,,,,,,,,,,,,,,,,,,,,,,,,,,,,,,,,,,,,,,,,,,,,,,,
e6697917,Domingos André Ribeiro Almeida,Right,172,68,2000-05-30,Portugal,Valencia,"['070a3904', '12c50af5', '5a626448', 'ab700320', 'e12b0b5b', '032f894e', '4dbd0916', '4b96c347', '6928979a', 'd995ed27']",0.26,95,0.26,92,0.26,96,0.00,45,0.00,45,0.00,99,0.00,59,0.06,35,0.06,38,0.15,80,0.22,66,1.02,50,0.64,91,62.5%,99,0.25,99,0.40,78,23.90,23,0.13,88,0.07,39,+0.19,99,+0.19,99,36.59,38,44.49,34,82.2%,50,556.95,28,186.88,43,20.14,59,22.05,55,91.3%,81,11.98,25,14.02,22,85.5%,43,2.55,23,5.10,40,50.0%,10,0.15,86,1.27,73,4.33,53,1.66,94,0.38,93,3.95,61,42.20,34,1.91,52,0.89,40,0.26,78,0.13,9,2.17,77,0.64,88,0.26,66,0.00,29,0.13,70,0.00,46,0.38,4,0.64,19,3.31,84,2.93,94,0.26,74,0.00,14,0.13,66,0.00,8,0.00,8,0.38,85,0.26,77,0.13,96,0.00,41,0.00,35,0.00,39,0.00,42,1.78,36,0.89,28,0.51,18,0.89,45,0.38,84,0.51,11,0.89,2,57.1%,89,0.38,99,0.64,4,0.00,1,0.64,13,2.42,19,0.51,12,0.00,72,53.80,30,1.15,15,7.65,7,22.56,8,23.97,94,0.76,32,53.80,30,0.89,66,2.80,91,31.8%,3,1.15,64,2.04,1,39.26,50,2.80,79,0.00,56,1.40,47,1.27,54,0.00,80,0.00,44,0.00,61,0.00,53,5.35,19,0.89,47,1.53,16,36.8%,17,,,,,,,,,,,,,,,,,,,,,,,,,,,,,,,,,,,,,,,,,,,,,,,,,,,,,,,,,,,,,,,,,,
862a1c15,Miguel Almirón,Left,174,69,1994-02-10,Paraguay,Newcastle United,"['2683eda7', 'cf007308', 'f49c4ae9', '2bd83368', '84399660', 'b2bc3b1f', '15b287da', '3ca7254a', 'aa8e289e', '6e058f06']",0.36,67,0.04,1,0.36,76,0.00,32,0.00,30,0.04,85,0.00,55,0.25,45,0.25,60,0.06,1,0.30,9,2.41,60,0.71,36,29.5%,16,0.15,76,0.50,93,17.60,55,0.00,21,0.10,37,+0.11,85,+0.11,84,25.61,30,31.39,16,81.6%,80,350.58,24,86.52,23,15.71,41,17.57,35,89.4%,81,7.36,25,9.14,19,80.5%,60,1.07,15,1.66,7,64.3%,76,0.06,1,0.71,1,1.46,25,0.79,9,0.08,11,2.41,30,30.51,20,0.59,9,0.04,7,0.00,2,0.12,27,0.91,7,0.40,44,0.16,26,0.00,14,0.00,14,0.00,40,0.28,29,0.75,46,2.57,6,1.86,10,0.04,21,0.28,52,0.28,63,0.12,27,0.00,12,0.40,32,0.16,10,0.04,64,0.16,98,0.04,58,0.00,21,0.00,43,2.14,95,1.35,96,0.79,96,0.91,92,0.44,85,0.71,80,1.54,66,46.2%,89,0.83,46,0.83,45,0.08,60,0.47,44,2.61,89,0.67,80,0.00,60,43.02,17,0.91,73,5.58,55,15.20,17,22.96,36,3.84,47,43.02,17,1.23,35,2.49,33,49.2%,54,2.14,65,0.95,87,29.53,13,4.91,29,0.00,53,0.87,61,1.07,28,0.51,13,0.00,27,0.00,56,0.00,51,4.59,52,0.24,21,0.51,85,31.6%,41,,,,,,,,,,,,,,,,,,,,,,,,,,,,,,,,,,,,,,,,,,,,,,,,,,,,,,,,,,,,,,,,,,
f4290206,Marcos Alonso,Left,188,84,1990-12-28,Spain,Barcelona,"['c56dc39e', 'fcb27134', '4d1666ff', '34e12499', '94b2001f', 'f521b80a', 'bd7d2e6d', '5e66fa06', '6eee05f1', 'b217ef29', 'e162b013', '048a1cbc', 'be765073', '0ab1f153', 'fd51b456', 'e0bc6fdc', '230a2fac', 'd4c9725f', 'bd6351cd', '2e4f5f03']",0.13,97,0.10,97,0.13,97,0.00,49,0.00,49,0.23,40,0.00,64,0.15,99,0.15,99,0.17,99,0.32,99,1.35,99,0.32,94,23.8%,46,0.10,60,0.40,66,17.50,12,0.29,99,0.11,61,-0.02,41,-0.02,42,57.74,81,70.23,86,82.2%,34,951.68,63,318.90,52,28.45,97,31.52,98,90.3%,49,22.84,46,26.19,51,87.2%,20,4.45,37,8.23,47,54.1%,28,0.13,99,1.42,99,3.90,77,1.19,99,0.55,99,3.19,79,59.68,76,10.42,99,1.29,30,0.06,78,0.45,53,4.58,99,6.97,99,2.16,99,0.97,99,1.00,99,0.00,50,0.13,47,0.77,87,3.16,99,2.26,99,0.55,99,0.10,99,0.19,98,0.06,92,0.00,9,0.32,99,0.26,99,0.03,97,0.00,49,0.03,84,0.00,46,0.00,42,1.55,58,1.03,69,0.74,31,0.52,63,0.29,99,0.74,53,1.45,72,51.1%,13,0.71,12,1.23,55,0.45,16,1.52,64,3.06,61,2.23,6,0.00,83,80.71,89,3.84,1,22.03,2,35.00,75,24.35,99,2.19,99,80.71,89,0.58,96,1.23,98,47.4%,21,1.42,1,0.77,1,50.87,77,2.90,99,0.00,57,0.90,55,0.94,85,0.10,9,0.00,46,0.03,36,0.00,61,6.32,74,1.77,34,1.13,67,61.1%,54,,,,,,,,,,,,,,,,,,,,,,,,,,,,,,,,,,,,,,,,,,,,,,,,,,,,,,,,,,,,,,,,,,
0a63446f,Mickaël Alphonse,Right,182,74,1989-07-12,Guadeloupe,Ajaccio,"['2a29eb9b', '39769cff', 'f0a37d36', '3a9c4b7b', 'c78b352d', '61b3978f', 'f27680d9', '30d4a2e5', '7a538238', 'c05f2f8c']",0.00,23,0.00,7,0.00,23,0.00,49,0.00,48,0.14,65,0.00,60,0.03,37,0.03,38,0.04,12,0.07,13,0.69,65,0.00,3,0.0%,3,0.00,23,,,19.10,62,0.00,41,0.04,11,-0.03,24,-0.03,23,33.13,17,52.45,35,63.2%,1,555.46,20,253.44,45,15.74,14,18.77,16,83.8%,6,12.84,23,19.60,44,65.5%,1,3.17,47,9.80,87,32.4%,3,0.07,35,0.83,55,3.04,51,0.97,53,0.41,47,3.04,58,41.41,36,10.90,76,0.41,8,0.00,16,0.00,2,2.76,55,10.49,92,0.00,27,0.00,36,0.00,34,0.00,48,0.14,61,0.97,75,1.38,14,1.24,30,0.00,5,0.00,14,0.14,86,0.00,10,0.00,9,0.00,1,0.00,3,0.00,32,0.00,41,0.00,42,0.00,37,0.00,43,2.07,54,1.24,54,1.24,60,0.55,35,0.28,71,1.24,70,2.07,65,60.0%,58,0.83,37,1.24,69,0.28,47,2.35,99,4.42,93,1.93,36,0.14,1,63.50,42,3.04,40,14.36,3,34.10,77,15.46,45,0.97,44,63.50,42,0.41,28,0.83,23,50.0%,56,1.10,53,1.10,8,31.06,24,0.83,7,0.00,54,1.24,24,0.83,47,0.00,88,0.00,43,0.00,68,0.00,56,5.80,56,2.90,99,2.07,1,58.3%,77,,,,,,,,,,,,,,,,,,,,,,,,,,,,,,,,,,,,,,,,,,,,,,,,,,,,,,,,,,,,,,,,,,
15ab5a2b,Julián Álvarez,Right,173,69,2000-01-31,Argentina,Manchester City,"['42276181', '4c370d81', 'aad56ca3', '00459419', 'ce50fd99', '129af0db', 'c68da769', '45b9b619', '7cdda3bf', '942b4f90']",0.58,84,0.23,81,0.58,94,0.00,21,0.00,15,0.12,65,0.00,57,0.34,30,0.34,41,0.16,69,0.50,48,2.43,40,1.16,65,47.6%,87,0.24,96,0.50,92,13.80,66,0.00,31,0.14,45,+0.24,99,+0.24,98,20.82,81,24.87,67,83.7%,99,273.01,76,36.44,38,14.11,88,15.27,78,92.4%,99,4.16,47,5.09,29,81.8%,90,1.16,71,1.85,71,62.5%,59,0.10,61,1.39,78,1.50,78,0.69,60,0.12,68,1.27,48,23.95,68,0.93,31,0.00,21,0.46,96,0.23,76,0.81,69,0.12,50,0.00,37,0.00,42,0.00,44,0.00,49,0.00,97,0.81,81,3.47,88,2.66,90,0.00,35,0.23,70,0.35,71,0.00,2,0.23,99,0.35,61,0.23,65,0.00,46,0.00,28,0.00,14,0.00,25,0.12,99,1.16,91,0.69,88,0.00,6,0.69,93,0.46,97,0.12,25,1.16,90,10.0%,8,1.04,5,0.81,75,0.00,10,0.23,63,1.39,87,0.23,13,0.00,58,33.20,50,0.35,14,2.08,24,12.03,19,19.32,76,4.63,47,33.20,50,0.69,40,1.62,43,42.9%,43,1.27,99,1.16,74,26.72,63,7.06,80,0.00,54,1.74,21,0.46,4,0.35,83,0.00,24,0.00,56,0.00,51,1.97,22,0.69,17,0.81,96,46.2%,68,,,,,,,,,,,,,,,,,,,,,,,,,,,,,,,,,,,,,,,,,,,,,,,,,,,,,,,,,,,,,,,,,,
3ecc11d8,Yeray Álvarez,Right,183,78,1995-01-24,,Athletic Club,"['3ecc8c5f', '4ae67f27', 'f1f1f238', '49070d66', '3f5f38fb', 'caffaf5a', '8397a50c', '997fff07', '02d2c436', '274ab13c']",0.00,17,0.04,72,0.00,17,0.00,49,0.00,49,0.18,57,0.00,64,0.02,18,0.02,19,0.02,58,0.05,25,0.39,34,0.00,5,0.0%,5,0.00,17,,,16.70,15,0.00,46,0.07,19,-0.02,31,-0.02,32,41.51,43,51.02,43,81.4%,31,836.51,47,327.71,55,14.40,43,15.95,42,90.3%,49,21.51,40,23.98,40,89.7%,39,5.18,54,9.72,71,53.3%,25,0.02,46,0.32,77,3.91,77,0.25,73,0.14,92,3.31,82,48.20,44,2.71,64,2.46,88,0.04,59,0.88,86,0.32,76,0.11,22,0.00,48,0.00,49,0.00,49,0.00,50,0.11,57,0.25,11,0.95,74,0.77,78,0.07,90,0.00,37,0.04,41,0.04,80,0.04,28,0.11,74,0.11,86,0.00,47,0.00,49,0.00,38,0.00,46,0.00,42,1.06,20,0.74,36,0.70,26,0.28,19,0.07,64,0.63,43,0.95,35,66.7%,64,0.32,67,0.95,21,0.70,57,2.22,95,3.27,72,4.15,69,0.00,83,61.23,44,6.87,36,27.61,23,31.23,60,3.17,64,0.67,36,61.23,44,0.04,8,0.21,35,16.7%,4,0.39,63,0.07,78,32.82,29,0.21,60,0.00,57,0.92,51,0.77,76,0.04,40,0.00,46,0.00,76,0.00,61,7.29,89,2.54,73,1.73,18,59.5%,44,,,,,,,,,,,,,,,,,,,,,,,,,,,,,,,,,,,,,,,,,,,,,,,,,,,,,,,,,,,,,,,,,,
9260926b,Ibrahim Amadou,Right,184,74,1993-04-06,France,Angers,"['cea59f02', 'b2336681', '933d3b51', 'c00097d2', 'c20bdcd7', '2946f9a1', 'd0dbca9f', '82efe6fa', '75438a9a', 'f6ac68c1']",0.07,75,0.00,30,0.07,76,0.00,49,0.00,49,0.45,3,0.00,64,0.04,33,0.04,33,0.01,35,0.04,21,0.37,31,0.15,59,40.0%,80,0.20,90,0.50,75,15.40,24,0.00,46,0.10,53,+0.04,92,+0.04,92,39.77,37,45.56,24,87.3%,70,755.69,32,251.67,20,12.98,33,14.02,29,92.6%,79,21.74,43,23.67,38,91.8%,58,4.08,30,6.16,16,66.3%,68,0.01,8,0.30,72,0.96,2,0.00,3,0.00,27,1.56,13,44.59,32,0.96,4,0.96,13,0.00,22,0.37,45,0.07,39,0.00,3,0.00,48,0.00,49,0.00,49,0.00,50,0.00,96,0.37,30,0.96,76,0.82,82,0.00,30,0.00,37,0.00,15,0.07,93,0.07,62,0.00,10,0.00,14,0.00,47,0.00,49,0.00,38,0.00,46,0.00,42,1.85,79,1.04,71,1.11,71,0.67,80,0.07,65,1.11,86,1.85,91,60.0%,39,0.74,11,0.74,8,0.37,9,1.63,73,3.49,76,3.26,35,0.00,83,54.98,21,7.27,45,29.31,37,24.19,26,1.85,30,0.45,17,54.98,21,0.45,89,0.59,82,75.0%,65,0.74,13,0.59,1,37.02,43,0.45,85,0.00,57,1.11,30,0.45,36,0.00,78,0.00,46,0.15,1,0.00,61,5.34,40,0.96,3,0.96,80,50.0%,11,,,,,,,,,,,,,,,,,,,,,,,,,,,,,,,,,,,,,,,,,,,,,,,,,,,,,,,,,,,,,,,,,,
1a4ef233,Daniel Amartey,Right,182,76,1994-12-21,Ghana,Leicester City,"['41b3069f', '15d0c248', '4534a352', '9ab16552', '2200181e', 'bcfb0142', '563a68ad', 'f5deef4c', '87935cf3', '4bd414c1']",0.00,17,0.00,30,0.00,17,0.00,49,0.00,49,0.11,82,0.00,64,0.00,2,0.00,2,0.03,59,0.03,9,0.14,6,0.07,27,50.0%,93,0.00,17,0.00,17,27.60,2,0.00,46,0.02,1,0.00,59,0.00,58,59.35,83,64.70,78,91.7%,94,1067.47,78,362.43,71,22.55,84,24.02,83,93.9%,91,31.19,82,32.69,80,95.4%,94,4.75,43,6.35,19,74.7%,91,0.03,56,0.25,59,3.18,62,0.04,9,0.00,27,2.00,30,63.38,80,1.25,11,0.96,12,0.07,83,0.14,14,0.00,7,0.29,52,0.00,48,0.00,49,0.00,49,0.00,50,0.07,74,0.43,42,0.71,46,0.68,65,0.00,30,0.00,37,0.00,15,0.00,33,0.04,29,0.07,53,0.07,72,0.00,47,0.00,49,0.00,38,0.00,46,0.00,42,1.28,40,0.57,19,0.82,41,0.43,48,0.04,38,0.89,73,1.18,56,75.8%,89,0.29,74,1.36,67,0.93,84,0.79,9,2.07,19,4.07,65,0.04,48,73.76,79,10.92,93,37.58,88,33.69,72,2.75,56,0.43,15,73.76,79,0.21,59,0.29,50,75.0%,65,0.25,85,0.14,56,53.42,83,0.11,34,0.00,57,0.46,93,0.21,9,0.04,39,0.00,46,0.00,76,0.00,61,5.96,65,1.46,19,1.57,28,48.2%,8,,,,,,,,,,,,,,,,,,,,,,,,,,,,,,,,,,,,,,,,,,,,,,,,,,,,,,,,,,,,,,,,,,
f3b1d9a2,Amath,Right,173,69,1996-07-16,Senegal,Mallorca,"['97333cf5', '8827bf46', '2a7d27c1', 'a3b03921', '924f9191', '004d185e', 'b8a642fc', 'c2731c10', '4c3a6744', '540ec57b']",0.16,80,0.00,11,0.16,84,0.00,45,0.00,45,0.16,69,0.00,59,0.22,93,0.22,96,0.08,48,0.29,81,1.93,93,0.80,97,41.7%,91,0.08,56,0.20,39,16.70,84,0.00,33,0.11,82,-0.06,14,-0.06,13,20.53,3,25.99,1,79.0%,35,258.29,1,63.37,1,12.35,9,13.64,4,90.6%,75,5.29,1,7.38,1,71.7%,2,0.64,1,0.80,1,80.0%,95,0.06,41,0.64,27,1.12,1,0.80,59,0.32,89,1.12,1,25.35,1,0.48,7,0.00,1,0.32,86,0.00,1,1.28,66,0.16,44,0.16,62,0.00,29,0.00,29,0.00,46,0.16,58,0.96,55,2.57,59,1.60,43,0.16,71,0.16,82,0.32,97,0.32,97,0.00,8,0.48,93,0.16,53,0.00,39,0.16,99,0.00,35,0.16,99,0.00,42,1.44,16,0.80,18,0.96,65,0.00,1,0.48,95,0.32,1,1.44,19,22.2%,2,1.12,42,0.96,28,0.00,1,0.48,6,1.93,8,0.80,32,0.00,72,37.54,1,1.28,19,5.62,2,11.71,1,20.70,88,3.37,97,37.54,1,1.12,74,2.89,92,38.9%,7,2.57,3,1.60,5,24.55,6,4.97,97,0.00,56,1.93,16,1.28,55,0.64,1,0.16,99,0.00,61,0.00,53,4.01,2,0.48,18,1.28,25,27.3%,5,,,,,,,,,,,,,,,,,,,,,,,,,,,,,,,,,,,,,,,,,,,,,,,,,,,,,,,,,,,,,,,,,,
22721b88,Jordan Amavi,Left,176,69,1994-03-09,France,Getafe,"['c05f2f8c', '8a7ff278', 'fc027d02', '1ddbc7ca', 'a5549ec1', 'c20bdcd7', '61b3978f', '228b0d9d', '0d82903c', '19a12bed']",0.00,23,0.00,7,0.00,23,0.00,49,0.00,48,0.45,3,0.15,1,0.00,1,0.00,1,0.01,2,0.01,1,0.00,1,0.00,3,,,,,,,,,0.00,41,,,0.00,67,0.00,66,47.52,69,61.63,75,77.1%,49,775.69,70,265.69,54,25.54,75,28.96,77,88.2%,37,16.93,57,22.13,63,76.5%,28,4.31,76,7.43,63,58.0%,80,0.01,1,0.15,1,4.31,87,0.30,4,0.00,1,3.86,81,50.64,73,10.84,75,0.74,35,0.00,16,0.30,56,1.78,25,10.10,88,0.00,27,0.00,36,0.00,34,0.00,48,0.15,58,0.74,45,1.04,5,0.74,3,0.00,5,0.00,14,0.00,14,0.30,98,0.00,9,0.30,77,0.15,54,0.00,32,0.00,41,0.00,42,0.15,99,0.00,43,2.82,91,1.78,94,1.63,82,1.04,94,0.15,32,1.63,92,2.97,92,55.0%,38,1.34,9,0.89,25,0.15,16,2.82,99,5.64,99,2.08,44,0.00,76,73.37,81,2.82,31,17.52,28,44.41,97,12.48,18,0.15,1,73.37,81,0.74,61,1.49,59,50.0%,56,1.04,58,0.59,42,40.69,65,1.34,27,0.15,1,0.59,87,0.89,52,0.15,18,0.00,43,0.00,68,0.00,56,6.53,80,2.67,99,1.78,4,60.0%,84,,,,,,,,,,,,,,,,,,,,,,,,,,,,,,,,,,,,,,,,,,,,,,,,,,,,,,,,,,,,,,,,,,
bcc81786,Kelvin Amian,Right,180,73,1998-02-08,France,Spezia,"['378825c7', '5db04597', '8a3c1dc7', '0420d84f', '236f02cd', 'cb574619', '6c7762c3', '984a5a64', '5c2b4f07', '2389cdc2', 'c56dc39e', '19e4eab9', 'f7c491f1', 'bd7d2e6d', '8f325097', 'c3725db2', 'd9624b51', 'a8c19eb8', 'aa5322d5', '4e358a2d']",0.04,63,0.04,22,0.04,63,0.00,49,0.00,48,0.42,3,0.04,9,0.12,97,0.12,98,0.06,24,0.19,74,1.10,91,0.26,82,24.1%,45,0.03,47,0.14,48,15.60,88,0.00,41,0.12,94,-0.09,1,-0.09,1,28.87,3,37.29,1,77.4%,53,437.57,2,195.04,11,16.47,16,18.67,16,88.3%,40,9.75,2,12.51,1,77.9%,38,1.81,7,3.59,5,50.5%,55,0.04,10,0.38,7,1.96,13,0.34,5,0.15,12,1.89,10,28.11,1,9.03,32,0.49,14,0.08,69,0.11,22,0.76,3,8.54,47,0.00,27,0.00,36,0.00,34,0.00,48,0.15,56,0.57,19,1.10,7,0.64,1,0.08,30,0.11,79,0.15,88,0.08,56,0.04,30,0.04,4,0.00,3,0.00,32,0.00,41,0.04,95,0.00,37,0.00,43,1.93,43,1.25,55,1.10,45,0.53,31,0.30,76,0.76,19,1.10,11,69.0%,84,0.34,93,1.21,64,0.64,98,0.94,27,2.87,33,2.46,67,0.00,76,46.89,1,4.27,88,17.80,29,18.70,1,11.07,11,1.40,70,46.89,1,0.91,77,1.25,46,72.7%,98,1.02,60,0.79,20,23.58,2,1.32,25,0.04,5,1.32,19,0.45,15,0.08,47,0.00,43,0.00,68,0.00,56,3.44,1,1.70,88,1.17,26,59.2%,80,,,,,,,,,,,,,,,,,,,,,,,,,,,,,,,,,,,,,,,,,,,,,,,,,,,,,,,,,,,,,,,,,,
5bc43860,Brenden Aaronson,Right,178,68,2000-10-22,United States,Leeds United,"['49dbab27', 'cb11b429', 'da052c14', '9a2e0ccc', '0847b5a5', 'fc647b34', '9f1893b9', '3708e9fa', 'd4a2533d', '82927de4']",0.06,1,0.23,65,0.06,1,0.00,32,0.00,30,0.12,55,0.00,55,0.13,5,0.13,8,0.20,45,0.33,16,1.40,12,0.29,4,20.8%,2,0.04,3,0.20,15,19.90,28,0.12,70,0.09,26,-0.07,15,-0.07,15,24.32,25,32.43,20,75.0%,39,314.80,13,87.67,26,14.29,28,17.38,32,82.2%,19,6.24,15,7.76,10,80.5%,60,1.05,14,2.80,29,37.5%,7,0.09,5,1.98,65,1.92,45,0.53,2,0.12,20,2.22,21,29.22,16,3.15,61,0.58,55,0.18,42,0.00,2,2.74,55,0.35,32,1.46,60,0.64,63,0.64,72,0.06,94,0.06,92,1.34,95,3.67,43,2.45,39,0.41,61,0.35,74,0.18,30,0.23,64,0.06,60,0.47,47,0.35,53,0.00,29,0.00,22,0.06,76,0.00,21,0.06,99,1.75,85,0.47,23,0.47,65,1.05,96,0.23,39,0.70,80,2.22,93,31.6%,33,1.52,6,1.46,94,0.12,81,0.18,5,1.92,63,0.41,54,0.00,60,45.73,25,0.47,31,5.07,45,19.66,40,21.81,26,2.51,13,45.73,25,1.28,38,3.62,64,35.5%,4,2.62,42,2.86,5,29.92,15,4.78,26,0.00,53,0.53,90,1.87,75,0.29,47,0.00,27,0.00,56,0.00,51,5.42,84,0.58,58,1.69,15,25.6%,27,,,,,,,,,,,,,,,,,,,,,,,,,,,,,,,,,,,,,,,,,,,,,,,,,,,,,,,,,,,,,,,,,,
